GEOID,state,rhat_max,rhat_mean,accept_cold,swap_rate,dtf,n_nodes
36061007300,36,1.456,1.3715,0.258,0.552,0.008,281
36061006700,36,1.562,1.4205,0.257,0.665,0.0186,276
36047043100,36,2.616,2.0765,0.264,0.57,0.0056,192
36047050100,36,1.577,1.536,0.262,0.67,0.0076,236
36047111800,36,1.217,1.196,0.275,0.594,0.0038,175
36081019800,36,1.279,1.1745,0.286,0.721,0.0016,248
53033010002,53,2.323,2.047,0.274,0.931,0.2349,1519
36047116400,36,1.206,1.1645,0.271,0.615,0.0024,198
36081054700,36,1.153,1.0755,0.27,0.596,0.0023,151
16001000601,16,1.597,1.519,0.292,0.905,0.0264,1120
36061004100,36,2.032,1.9945,0.259,0.744,0.008,321
36047059100,36,2.962,2.1275,0.272,0.66,0.0049,215
16001000602,16,1.412,1.341,0.293,0.866,0.1396,1572
36081067100,36,2.092,1.662,0.267,0.74,0.0049,293
36047052900,36,1.548,1.4735,0.261,0.629,0.0035,231
36047088600,36,1.291,1.186,0.27,0.789,0.0052,232
36047115800,36,1.842,1.663,0.239,0.617,0.0021,179
36061007700,36,1.094,1.06,0.254,0.675,0.0222,290
36047120000,36,1.796,1.5285,0.26,0.645,0.0111,256
36047055100,36,2.183,1.909,0.265,0.695,0.0048,307
36047112400,36,1.608,1.5755,0.26,0.704,0.0048,223
36061005000,36,1.316,1.2225,0.26,0.657,0.0064,240
36047050900,36,1.471,1.4345,0.256,0.667,0.0129,200
55079005900,55,1.301,1.2825,0.276,0.82,0.0637,913
11001002201,11,1.967,1.7915,0.277,0.871,0.028,638
36081011400,36,1.469,1.3695,0.27,0.585,0.0024,145
36081001400,36,1.377,1.3545,0.274,0.666,0.0019,218
55079004800,55,2.1,1.7215,0.282,0.911,0.0544,1077
36081010200,36,1.269,1.264,0.272,0.635,0.0094,242
11001002102,11,1.568,1.5,0.289,0.877,0.0496,1011
55079009100,55,1.608,1.5715,0.279,0.831,0.0147,554
36047086600,36,1.72,1.52,0.272,0.56,0.0088,183
55079009700,55,1.704,1.6475,0.281,0.886,0.0112,561
36081053200,36,1.175,1.1155,0.274,0.682,0.0054,255
36081055100,36,1.45,1.2695,0.271,0.666,0.0091,190
36047044700,36,1.796,1.4885,0.27,0.644,0.0026,178
36061003300,36,1.908,1.7645,0.263,0.87,0.0821,592
36005038900,36,1.185,1.16,0.26,0.744,0.0087,242
36047042700,36,1.355,1.2385,0.27,0.595,0.0033,155
36047073800,36,1.266,1.171,0.263,0.652,0.0126,247
36047044100,36,1.649,1.535,0.275,0.645,0.0035,166
55079008000,55,1.556,1.4285,0.29,0.741,0.0043,317
36081037700,36,1.212,1.178,0.28,0.593,0.0035,144
36061012000,36,1.348,1.3305,0.269,0.721,0.0069,221
36047052700,36,1.43,1.4065,0.265,0.863,0.0083,308
36047057100,36,1.766,1.726,0.261,0.497,0.0042,169
27123035000,27,1.982,1.6225,0.286,0.716,0.0297,768
36061004700,36,1.807,1.4755,0.265,0.786,0.0065,266
17031221000,17,1.394,1.358,0.272,0.732,0.0071,304
36047022000,36,1.638,1.54,0.278,0.638,0.0037,199
55079008600,55,1.399,1.2585,0.294,0.76,0.0025,312
17031160501,17,1.386,1.3845,0.293,0.698,0.0048,348
17031670200,17,2.262,1.9185,0.293,0.717,0.004,323
36061014200,36,1.104,1.1005,0.272,0.737,0.0085,211
53033007700,53,2.196,2.16,0.277,0.916,0.246,1467
72127003800,72,1.575,1.5165,0.239,0.714,0.0227,544
36081059100,36,1.282,1.252,0.293,0.68,0.0016,200
36047055300,36,1.665,1.403,0.267,0.631,0.0027,210
36047112800,36,1.41,1.2295,0.274,0.571,0.0033,183
11001002301,11,2.991,2.439,0.291,0.881,0.0332,594
36081028100,36,1.737,1.639,0.276,0.677,0.0053,199
36047119600,36,1.646,1.404,0.276,0.61,0.0069,352
36081092500,36,1.693,1.4595,0.282,0.709,0.0025,352
36047117400,36,1.159,1.1125,0.279,0.76,0.0057,214
42101010900,42,1.511,1.4165,0.275,0.742,0.0073,379
36061004300,36,1.897,1.8615,0.254,0.601,0.0066,227
36047053700,36,1.906,1.893,0.267,0.673,0.0096,201
36081020600,36,1.448,1.311,0.259,0.726,0.0115,203
26145001600,26,1.987,1.8395,0.306,0.883,0.232,1174
25025060800,25,1.517,1.475,0.265,0.766,0.0108,518
36081015300,36,2.023,1.9995,0.261,0.573,0.0056,146
36047057400,36,1.693,1.6395,0.267,0.606,0.0119,187
36061004900,36,1.242,1.197,0.27,0.713,0.0045,260
36081024300,36,1.682,1.615,0.29,0.786,0.0066,544
36081002200,36,1.482,1.3115,0.262,0.654,0.0045,171
33011000800,33,1.563,1.3015,0.267,0.772,0.0149,818
36061026300,36,1.31,1.2235,0.262,0.605,0.0094,236
36047051900,36,2.098,1.808,0.278,0.729,0.0093,366
36061025700,36,1.4,1.261,0.269,0.764,0.0129,215
36081049202,36,1.56,1.3225,0.295,0.63,0.004,169
27053002200,27,1.924,1.716,0.267,0.789,0.0166,629
36047011200,36,1.567,1.4785,0.263,0.613,0.0116,195
36047119400,36,1.291,1.166,0.281,0.709,0.002,200
36005038500,36,2.455,1.884,0.269,0.751,0.0131,283
36061005502,36,1.111,1.11,0.249,0.696,0.0072,205
55079008800,55,1.599,1.439,0.276,0.801,0.0333,651
55079016900,55,1.41,1.237,0.279,0.731,0.0254,554
17031160800,17,2.948,2.294,0.294,0.871,0.0216,649
11001006700,11,2.017,1.892,0.28,0.875,0.0221,572
36081145102,36,1.439,1.2255,0.286,0.724,0.0084,344
36081036700,36,2.447,1.75,0.275,0.705,0.0086,206
17031140500,17,1.547,1.4495,0.286,0.791,0.0259,536
36081003600,36,1.403,1.2615,0.259,0.652,0.0043,325
36081058900,36,1.412,1.2955,0.258,0.668,0.0024,220
36047055500,36,1.366,1.2055,0.274,0.735,0.0059,332
27053109700,27,1.32,1.3155,0.276,0.82,0.0033,557
17031671300,17,1.448,1.2855,0.293,0.776,0.0049,429
36047082600,36,1.896,1.4745,0.28,0.685,0.0046,248
36061003001,36,1.288,1.2755,0.264,0.677,0.006,175
36081026901,36,1.732,1.449,0.255,0.534,0.0055,152
36047001502,36,1.299,1.207,0.258,0.596,0.0103,230
36081118500,36,1.416,1.395,0.255,0.68,0.0033,229
36081048000,36,2.146,1.862,0.281,0.609,0.003,258
17031671600,17,2.487,1.8105,0.304,0.744,0.0073,406
36061010000,36,1.354,1.2645,0.272,0.79,0.012,228
36047041800,36,2.086,2.0255,0.271,0.531,0.0087,169
36081058300,36,1.2,1.1755,0.258,0.635,0.0028,179
55079005000,55,2.001,1.613,0.289,0.868,0.0587,1057
55079003800,55,2.141,1.9185,0.28,0.87,0.0704,776
36061016001,36,1.243,1.231,0.268,0.562,0.0138,151
36081115700,36,1.167,1.164,0.292,0.761,0.0081,343
55079008700,55,1.319,1.266,0.291,0.744,0.0038,352
36047074600,36,1.829,1.4365,0.265,0.624,0.0317,290
17031841500,17,1.734,1.5085,0.309,0.799,0.0071,436
17031660800,17,1.684,1.4805,0.304,0.775,0.0101,586
17031030900,17,1.543,1.447,0.293,0.802,0.0132,528
55079006500,55,1.781,1.534,0.299,0.699,0.0068,418
51760020600,51,1.782,1.761,0.267,0.864,0.0454,783
36047087200,36,1.449,1.277,0.277,0.562,0.0062,145
36061001800,36,1.66,1.415,0.26,0.801,0.0336,410
36047116800,36,1.904,1.615,0.256,0.539,0.0064,180
36081015000,36,1.141,1.075,0.264,0.656,0.0022,191
36047045300,36,1.696,1.5565,0.288,0.78,0.0084,357
36047115000,36,1.042,1.0235,0.267,0.756,0.0022,192
36061029300,36,1.422,1.3635,0.269,0.585,0.0239,186
36081035300,36,1.269,1.241,0.273,0.716,0.0118,204
17031160502,17,1.374,1.2515,0.293,0.615,0.0055,317
36047119800,36,1.96,1.6175,0.261,0.811,0.0197,491
36081125700,36,1.766,1.4625,0.276,0.75,0.0103,370
36081011100,36,2.509,1.9605,0.269,0.634,0.006,174
55079185800,55,1.951,1.575,0.289,0.86,0.0202,559
36081005400,36,1.074,1.047,0.287,0.736,0.0082,413
36061006500,36,1.617,1.595,0.261,0.751,0.0112,321
17031660600,17,1.746,1.558,0.292,0.86,0.011,633
36061006800,36,1.89,1.7795,0.276,0.649,0.0092,205
36061012200,36,1.934,1.4965,0.28,0.724,0.0045,190
55079017500,55,1.81,1.6655,0.279,0.855,0.0268,558
27053108900,27,1.526,1.5055,0.27,0.8,0.0568,790
17031062900,17,1.692,1.43,0.305,0.767,0.0084,353
36081054900,36,1.155,1.123,0.274,0.716,0.0051,201
53033005000,53,2.065,1.918,0.259,0.899,0.2409,1541
26145001300,26,1.37,1.2425,0.316,0.877,0.0316,1311
24510190300,24,1.716,1.574,0.265,0.855,0.0202,593
17031611800,17,1.2,1.12,0.297,0.739,0.0031,275
36047026200,36,2.077,1.757,0.263,0.527,0.0076,169
55079016400,55,1.829,1.61,0.294,0.809,0.0125,553
08031000401,08,1.784,1.5065,0.285,0.893,0.0565,1227
27053009600,27,1.398,1.308,0.283,0.8,0.0043,781
36061003400,36,1.346,1.3125,0.276,0.651,0.0069,160
33011001500,33,1.706,1.674,0.27,0.865,0.0134,487
36081000600,36,1.595,1.416,0.265,0.61,0.0096,263
36061025300,36,1.377,1.362,0.275,0.633,0.0137,187
41051005001,41,3.078,2.1885,0.291,0.81,0.0106,454
36081038400,36,3.148,2.311,0.285,0.809,0.0092,314
36081015200,36,1.374,1.279,0.276,0.585,0.0064,203
55079016700,55,1.628,1.5945,0.271,0.839,0.0428,668
17031161300,17,1.86,1.5085,0.286,0.756,0.0204,615
11001002400,11,1.408,1.381,0.289,0.84,0.0487,801
08031000503,08,2.081,1.884,0.292,0.855,0.0104,600
36047015100,36,1.546,1.3635,0.283,0.384,0.0088,117
55079003900,55,1.503,1.394,0.289,0.847,0.0157,587
36081003400,36,1.114,1.095,0.264,0.673,0.0076,364
36081058100,36,1.321,1.319,0.268,0.635,0.007,185
55079004900,55,1.841,1.663,0.285,0.863,0.0258,878
36081124100,36,1.765,1.589,0.289,0.696,0.0037,451
36081062700,36,1.513,1.4785,0.282,0.642,0.003,158
36047011400,36,2.634,2.0425,0.275,0.596,0.0094,173
36047000900,36,1.098,1.057,0.269,0.651,0.0079,194
17031580502,17,1.434,1.4255,0.293,0.825,0.0151,519
17031680600,17,1.272,1.1705,0.293,0.72,0.0049,319
34017016500,34,1.222,1.186,0.255,0.644,0.0079,362
17031430800,17,1.942,1.5435,0.29,0.666,0.0052,326
36047116200,36,1.468,1.3155,0.256,0.643,0.0013,164
53033002800,53,2.099,1.8955,0.263,0.836,0.1445,1211
36081021200,36,1.56,1.3385,0.282,0.82,0.0107,318
36061024500,36,1.582,1.5235,0.282,0.7,0.0076,229
36047096800,36,1.41,1.225,0.27,0.61,0.0047,178
11001008802,11,1.384,1.335,0.279,0.875,0.0206,670
36081025301,36,1.717,1.376,0.262,0.703,0.0092,181
17031420600,17,1.846,1.507,0.295,0.621,0.0037,239
36047004300,36,1.4,1.3885,0.274,0.583,0.0064,190
36047086400,36,1.975,1.577,0.253,0.562,0.022,235
36061015302,36,1.318,1.1595,0.233,0.665,0.0218,166
36081115100,36,1.378,1.285,0.289,0.652,0.0043,239
36047047700,36,1.899,1.5845,0.264,0.725,0.0123,331
55079009000,55,1.526,1.4465,0.28,0.84,0.0106,577
53033005100,53,2.569,2.3705,0.266,0.886,0.2371,1157
36081012800,36,1.216,1.1545,0.282,0.484,0.0026,137
36047115200,36,1.783,1.679,0.279,0.645,0.003,191
17031670800,17,1.434,1.432,0.303,0.754,0.0062,338
36047057600,36,1.597,1.3585,0.288,0.622,0.0056,137
41051010602,41,2.386,1.927,0.27,0.881,0.2253,1409
17031050800,17,1.743,1.385,0.296,0.6,0.0123,168
26145001700,26,1.372,1.273,0.303,0.87,0.061,1047
36081078800,36,1.779,1.4345,0.29,0.679,0.0033,180
17031140301,17,1.577,1.338,0.208,0.611,0.0241,210
27053003200,27,1.229,1.168,0.284,0.776,0.0049,556
08031000301,08,1.855,1.8495,0.281,0.924,0.1472,1999
36047098600,36,1.737,1.3805,0.273,0.685,0.0096,164
17031681100,17,1.768,1.579,0.291,0.834,0.0101,637
36047119200,36,1.85,1.7715,0.284,0.562,0.0033,219
55079006100,55,1.464,1.3995,0.292,0.806,0.0015,407
36047076800,36,1.971,1.582,0.277,0.757,0.0072,325
17031160400,17,1.641,1.6325,0.306,0.841,0.0332,618
36047049900,36,1.24,1.15,0.252,0.75,0.0064,224
36047002000,36,3.583,2.4665,0.206,0.571,0.0035,149
36047026100,36,1.349,1.2505,0.289,0.632,0.0035,159
17031230700,17,1.788,1.5215,0.299,0.876,0.0141,649
55079002500,55,1.463,1.295,0.296,0.706,0.0118,514
36061010200,36,1.752,1.6215,0.284,0.656,0.0098,201
17031671900,17,1.566,1.5135,0.279,0.71,0.0073,353
17031530200,17,1.76,1.6795,0.31,0.881,0.015,1326
36061008200,36,1.668,1.4625,0.277,0.573,0.0078,206
36047010100,36,1.855,1.512,0.281,0.751,0.0122,306
41051001203,41,1.7,1.507,0.279,0.874,0.0211,579
36081011600,36,2.292,2.029,0.273,0.584,0.0032,150
36047020300,36,1.562,1.457,0.261,0.71,0.0146,162
53033002900,53,1.543,1.4865,0.261,0.778,0.1902,1218
36047072400,36,3.124,2.1135,0.25,0.676,0.0304,297
53033009802,53,1.599,1.471,0.268,0.807,0.0923,1115
36005026400,36,1.363,1.3,0.291,0.689,0.0058,417
42003090300,42,1.522,1.516,0.25,0.751,0.0215,478
36081037900,36,1.36,1.2235,0.274,0.632,0.0012,194
36047085400,36,1.343,1.301,0.268,0.709,0.0077,221
16001000102,16,1.891,1.4535,0.287,0.959,0.2346,4112
17031590600,17,1.313,1.27,0.288,0.745,0.007,339
36081003800,36,1.59,1.3275,0.262,0.598,0.0068,225
17031612000,17,1.924,1.627,0.304,0.713,0.0031,292
11001006802,11,1.708,1.492,0.278,0.776,0.0362,424
53021020201,53,1.4,1.3335,0.298,0.782,0.0211,709
11001004202,11,1.469,1.2935,0.256,0.789,0.0271,433
17031671100,17,1.374,1.3385,0.282,0.764,0.0047,270
17031480100,17,1.488,1.376,0.296,0.819,0.0085,576
53063004001,53,1.59,1.4905,0.298,0.853,0.0166,788
17031818800,17,1.614,1.5585,0.301,0.916,0.0267,1436
36061013000,36,1.777,1.7285,0.293,0.719,0.0095,188
17031300600,17,1.528,1.38,0.31,0.834,0.0031,286
17031691400,17,1.677,1.455,0.302,0.759,0.0124,572
36047008000,36,1.253,1.206,0.279,0.552,0.0048,119
36047053500,36,1.554,1.483,0.279,0.628,0.0089,149
36081073900,36,1.554,1.3495,0.271,0.731,0.0142,309
36047027400,36,1.337,1.2,0.293,0.514,0.0057,127
36047113400,36,2.117,1.8855,0.186,0.625,0.0561,165
55079016300,55,1.896,1.541,0.289,0.815,0.0271,620
36061007100,36,2.392,1.83,0.242,0.671,0.0286,285
36047089400,36,2.014,1.524,0.285,0.516,0.0062,160
53033002600,53,2.966,2.237,0.259,0.775,0.1733,1411
36047036700,36,1.888,1.5635,0.264,0.557,0.0149,239
17031670600,17,1.619,1.558,0.303,0.669,0.003,275
36061005900,36,1.644,1.382,0.257,0.661,0.004,185
36047050300,36,1.97,1.9035,0.275,0.621,0.004,151
36047041300,36,1.132,1.123,0.28,0.551,0.0032,146
24510120201,24,1.433,1.4105,0.275,0.859,0.0202,544
36047013200,36,1.756,1.681,0.275,0.666,0.0111,170
08031001706,08,1.793,1.5845,0.273,0.864,0.0861,755
17031710600,17,1.525,1.318,0.295,0.726,0.0061,246
36047057300,36,1.724,1.6065,0.265,0.641,0.0022,199
17031837300,17,1.41,1.209,0.289,0.76,0.0043,350
17031060400,17,1.412,1.299,0.314,0.718,0.0122,316
17031210502,17,1.338,1.322,0.298,0.802,0.0083,352
36047120801,36,1.321,1.1825,0.278,0.701,0.0101,232
08031002404,08,1.908,1.6455,0.257,0.824,0.1067,651
36047022200,36,1.647,1.6425,0.272,0.593,0.0049,189
51760020700,51,2.137,2.035,0.272,0.861,0.0343,828
26017280700,26,1.267,1.2215,0.298,0.875,0.0183,1272
36047090800,36,1.202,1.104,0.294,0.704,0.0054,301
17031060300,17,1.143,1.1195,0.303,0.746,0.0104,324
36061012800,36,1.602,1.4265,0.285,0.671,0.0115,193
55079101500,55,1.729,1.392,0.302,0.919,0.0061,881
36081067700,36,1.335,1.2405,0.269,0.744,0.0078,286
42101010800,42,1.463,1.3875,0.285,0.821,0.0048,594
53033011500,53,1.705,1.646,0.278,0.833,0.0935,1307
17031062700,17,1.3,1.197,0.299,0.649,0.0152,338
36081013200,36,1.652,1.472,0.258,0.54,0.0135,246
55079006000,55,2.137,1.6665,0.201,0.65,0.0016,339
36047051400,36,1.675,1.534,0.282,0.53,0.0087,155
11001009400,11,1.317,1.19,0.3,0.852,0.067,1481
36047042800,36,1.534,1.487,0.268,0.57,0.0093,175
17031100600,17,1.897,1.881,0.305,0.852,0.0197,1155
17031440201,17,1.862,1.4905,0.298,0.801,0.0059,491
17031300800,17,1.602,1.4965,0.289,0.73,0.0064,342
36061011402,36,1.531,1.3465,0.262,0.58,0.0155,129
17031062800,17,1.696,1.521,0.296,0.826,0.0116,364
55079002600,55,1.592,1.4485,0.287,0.829,0.0077,659
17031050500,17,1.496,1.2875,0.301,0.87,0.0172,661
36047049500,36,1.88,1.7575,0.271,0.574,0.0102,158
26017280400,26,1.556,1.3705,0.299,0.856,0.0078,685
41051005102,41,1.723,1.41,0.264,0.799,0.0325,623
17031150600,17,1.617,1.572,0.278,0.828,0.0166,606
36081080301,36,1.27,1.156,0.277,0.652,0.0037,296
55079005300,55,1.29,1.2025,0.305,0.839,0.0386,633
17031839800,17,1.347,1.236,0.272,0.771,0.0084,297
36061008000,36,1.466,1.3985,0.255,0.709,0.0164,281
36061007400,36,1.306,1.1545,0.286,0.818,0.0075,212
27053000300,27,1.35,1.3145,0.279,0.737,0.0067,861
36081005500,36,1.462,1.2975,0.295,0.56,0.007,145
36047040100,36,1.555,1.418,0.289,0.55,0.0089,137
36047036900,36,2.116,1.9835,0.291,0.593,0.009,249
36047011700,36,1.287,1.1915,0.269,0.649,0.009,210
27053009500,27,1.798,1.702,0.278,0.784,0.0168,641
36061007200,36,1.42,1.2605,0.268,0.627,0.0286,253
17031243100,17,1.984,1.52,0.237,0.736,0.004,338
36047007600,36,1.788,1.5265,0.279,0.574,0.0072,117
36081014700,36,1.996,1.941,0.274,0.511,0.004,163
17031813802,17,1.345,1.331,0.292,0.852,0.0148,566
51760040400,51,2.011,1.957,0.269,0.824,0.018,608
17031813500,17,2.234,1.8615,0.297,0.85,0.0116,667
19013000200,19,1.675,1.54,0.301,0.909,0.06,1044
55079020400,55,1.236,1.2205,0.295,0.83,0.0106,482
55079006200,55,1.545,1.472,0.281,0.709,0.002,395
17031243000,17,2.042,1.5645,0.272,0.677,0.0089,331
33011000300,33,1.292,1.238,0.285,0.695,0.0047,528
53033006800,53,2.464,2.3055,0.265,0.869,0.2742,1200
36061014000,36,1.351,1.2125,0.282,0.635,0.0146,197
55079003500,55,1.745,1.432,0.297,0.895,0.0393,1046
17031301802,17,1.456,1.4275,0.282,0.796,0.0165,449
36081017200,36,1.19,1.1665,0.268,0.696,0.0055,231
27053110800,27,1.578,1.506,0.297,0.868,0.0087,978
36081023000,36,1.476,1.427,0.275,0.64,0.0029,183
11001002002,11,1.497,1.4685,0.298,0.875,0.0606,897
55079009300,55,2.745,1.933,0.281,0.826,0.0119,550
55079100100,55,1.478,1.456,0.282,0.879,0.0325,941
36061022102,36,1.308,1.2865,0.248,0.718,0.017,176
17031151100,17,1.617,1.478,0.294,0.844,0.0078,612
36047114400,36,1.806,1.447,0.291,0.725,0.0091,477
17031650200,17,1.922,1.7325,0.309,0.809,0.0108,771
36005038301,36,1.793,1.6795,0.259,0.541,0.0075,115
36081003100,36,1.344,1.1985,0.263,0.641,0.0146,246
17031140601,17,1.962,1.6975,0.283,0.675,0.007,296
36047087000,36,1.288,1.23,0.282,0.529,0.0071,143
55101001003,55,1.516,1.429,0.302,0.869,0.0125,903
36081053401,36,2.219,1.966,0.285,0.707,0.008,261
34017016900,34,1.323,1.2595,0.257,0.585,0.0038,259
17031242300,17,1.666,1.5835,0.294,0.735,0.0158,373
11001008001,11,1.728,1.427,0.271,0.871,0.0449,489
36047059200,36,2.011,1.8105,0.286,0.664,0.0079,247
36047113000,36,1.994,1.727,0.283,0.633,0.0042,190
17031460302,17,1.363,1.299,0.305,0.778,0.0088,583
12086004403,12,1.668,1.398,0.281,0.83,0.025,500
36081061601,36,1.542,1.3555,0.291,0.618,0.0019,315
17031040600,17,1.505,1.448,0.278,0.854,0.0243,478
36047081400,36,1.48,1.4235,0.286,0.631,0.0063,174
36047021900,36,2.473,1.9485,0.27,0.526,0.0046,145
55079004200,55,1.795,1.6955,0.29,0.881,0.0692,689
36047019000,36,1.957,1.8875,0.284,0.561,0.0068,195
17031460500,17,1.294,1.283,0.3,0.831,0.0283,1055
36047023200,36,1.899,1.4685,0.285,0.52,0.0048,160
55079013700,55,1.871,1.668,0.289,0.819,0.0185,436
36047052300,36,2.317,1.9155,0.274,0.597,0.0075,172
17031301702,17,5.361,3.2725,0.24,0.644,0.0027,284
36047037500,36,2.0,1.65,0.258,0.605,0.0067,201
36081058500,36,1.144,1.1,0.278,0.695,0.0031,202
17031610400,17,1.489,1.4215,0.286,0.593,0.0116,175
17031560300,17,1.633,1.508,0.306,0.829,0.0049,562
17031230900,17,2.615,1.9115,0.314,0.705,0.0087,389
27053110100,27,1.103,1.063,0.271,0.818,0.037,940
17031680500,17,1.213,1.165,0.291,0.685,0.0034,295
17031020601,17,2.381,1.8265,0.29,0.8,0.0074,528
53033006900,53,1.482,1.4655,0.267,0.892,0.1927,1259
17031431302,17,1.673,1.4125,0.296,0.753,0.0126,436
17031561000,17,1.882,1.7505,0.297,0.851,0.021,1046
17031271800,17,1.442,1.2795,0.274,0.639,0.0048,224
11001002101,11,1.45,1.2525,0.297,0.848,0.0361,709
27145000303,27,2.118,1.9475,0.295,0.772,0.0241,566
42101007900,42,1.439,1.255,0.284,0.732,0.0081,434
36081051600,36,1.34,1.2485,0.274,0.608,0.0042,192
27053101200,27,1.985,1.856,0.297,0.87,0.0144,1263
34017018800,34,2.34,1.9395,0.263,0.66,0.0019,269
17031301803,17,1.492,1.363,0.31,0.789,0.0023,295
36047050700,36,2.765,1.896,0.279,0.604,0.0117,208
17031150700,17,1.491,1.3465,0.294,0.733,0.0078,586
36081017400,36,1.93,1.729,0.278,0.677,0.0043,201
36081018502,36,1.417,1.3555,0.259,0.643,0.0132,130
36047070000,36,1.957,1.8225,0.282,0.564,0.0061,192
36081017600,36,1.835,1.6595,0.275,0.611,0.0045,195
17031670400,17,1.604,1.4385,0.301,0.676,0.0046,305
36047116600,36,1.101,1.0905,0.272,0.658,0.0022,178
36061014802,36,1.325,1.31,0.273,0.534,0.0217,136
17031660302,17,1.211,1.159,0.299,0.597,0.0044,422
36047009600,36,1.822,1.658,0.283,0.475,0.005,110
55079101700,55,1.684,1.5385,0.294,0.768,0.0309,832
17031301600,17,1.477,1.3185,0.313,0.725,0.0038,241
36081004401,36,1.456,1.3045,0.278,0.758,0.0102,304
36081142900,36,1.925,1.534,0.289,0.81,0.0052,477
53033007600,53,1.497,1.3245,0.271,0.855,0.0676,942
17031060100,17,1.355,1.1865,0.294,0.807,0.0086,331
36005037100,36,1.359,1.3345,0.282,0.561,0.0079,224
17031251600,17,1.386,1.301,0.292,0.827,0.0035,425
36061022000,36,1.941,1.768,0.269,0.589,0.0139,167
36047016100,36,2.072,1.8685,0.274,0.691,0.0095,218
53033007302,53,1.477,1.472,0.254,0.786,0.0702,600
36047086800,36,1.252,1.134,0.282,0.616,0.0084,171
36081028700,36,1.913,1.536,0.266,0.741,0.0099,233
17031730201,17,1.521,1.455,0.302,0.886,0.0082,789
36047017800,36,1.332,1.28,0.275,0.688,0.0085,188
36047095800,36,1.531,1.4215,0.284,0.666,0.0113,237
17031040401,17,1.252,1.189,0.298,0.787,0.0158,397
36081070700,36,1.351,1.3065,0.26,0.685,0.0079,300
17031612100,17,1.438,1.352,0.293,0.714,0.0106,323
36081028500,36,1.342,1.2265,0.262,0.501,0.0088,170
17031140602,17,1.21,1.175,0.295,0.701,0.0042,354
17031062300,17,1.98,1.79,0.289,0.539,0.0117,195
53033008800,53,2.027,1.547,0.271,0.851,0.219,1359
36061026900,36,1.416,1.2565,0.282,0.736,0.0123,223
36081013000,36,1.469,1.285,0.283,0.651,0.0058,198
36047003900,36,1.55,1.358,0.27,0.537,0.0099,159
27123032500,27,3.351,2.5255,0.284,0.816,0.0257,764
36081014000,36,1.266,1.251,0.277,0.624,0.0183,247
17031420700,17,1.466,1.379,0.309,0.753,0.0088,577
55079020500,55,1.581,1.4005,0.283,0.68,0.0074,449
53033003000,53,2.239,2.1925,0.268,0.815,0.1362,1561
34017014200,34,1.371,1.247,0.277,0.721,0.0056,388
33011001600,33,1.278,1.2525,0.277,0.859,0.0167,853
36047050001,36,2.429,1.8495,0.27,0.635,0.0195,159
17031300700,17,1.471,1.281,0.312,0.615,0.006,268
11001005802,11,1.805,1.693,0.266,0.836,0.2141,1030
17031020602,17,1.56,1.337,0.299,0.743,0.0082,428
08031000504,08,1.331,1.2115,0.299,0.869,0.0525,1302
36081126500,36,1.437,1.3175,0.268,0.606,0.0136,235
36047092400,36,1.187,1.171,0.289,0.68,0.0103,253
36081109900,36,2.2,1.6765,0.301,0.674,0.0033,309
36047051300,36,1.602,1.4505,0.285,0.726,0.0106,299
17031260600,17,1.938,1.5635,0.284,0.662,0.0036,298
53033007201,53,1.762,1.609,0.244,0.739,0.0404,369
17031140702,17,2.173,1.7415,0.299,0.769,0.0069,419
36081015600,36,1.601,1.3875,0.243,0.53,0.0133,190
36081118900,36,2.013,1.9325,0.295,0.705,0.0058,162
53053061400,53,2.0,1.8065,0.286,0.905,0.0959,1234
36047016600,36,1.687,1.3605,0.295,0.661,0.002,183
36047019700,36,1.907,1.7885,0.286,0.744,0.0074,196
17031460400,17,1.729,1.5605,0.305,0.759,0.0043,495
55079017000,55,1.463,1.3645,0.303,0.802,0.0086,646
06075021000,06,1.423,1.2475,0.281,0.657,0.0066,323
17031490902,17,1.389,1.2175,0.302,0.828,0.0338,1090
36081036500,36,1.751,1.5495,0.269,0.53,0.0106,169
36081001600,36,2.136,1.9385,0.283,0.709,0.0019,141
08031001704,08,1.332,1.2305,0.275,0.834,0.0583,768
17031520300,17,2.328,2.054,0.3,0.691,0.0089,690
06053012302,06,2.236,1.7035,0.288,0.878,0.0382,741
17031711000,17,1.786,1.642,0.281,0.857,0.0311,667
55079005700,55,1.893,1.559,0.297,0.831,0.0194,706
27053110200,27,1.765,1.612,0.283,0.829,0.0432,1057
36047030100,36,1.198,1.1745,0.292,0.672,0.0071,187
17031220400,17,1.399,1.228,0.288,0.762,0.0422,385
17031050900,17,2.052,1.592,0.282,0.635,0.0125,180
17031231200,17,2.012,1.584,0.304,0.841,0.0105,590
27123031000,27,1.753,1.617,0.298,0.861,0.031,1078
36081004200,36,1.241,1.2355,0.272,0.725,0.0118,255
55079005800,55,1.414,1.2735,0.291,0.846,0.0714,967
55079009400,55,2.017,1.8045,0.284,0.801,0.0146,532
36081028801,36,1.088,1.0685,0.296,0.646,0.0067,199
17031630800,17,1.735,1.4765,0.303,0.744,0.0069,564
17031630900,17,1.771,1.682,0.304,0.76,0.0076,558
36047054900,36,1.212,1.1345,0.259,0.709,0.0039,258
17031241100,17,1.542,1.5055,0.297,0.705,0.0151,311
17031640600,17,1.409,1.2855,0.302,0.81,0.0252,650
26017280600,26,1.171,1.0885,0.306,0.869,0.0496,1053
36081112900,36,1.275,1.1825,0.299,0.605,0.002,277
36047092000,36,1.411,1.3645,0.281,0.635,0.0055,241
17031813702,17,1.149,1.0875,0.288,0.731,0.021,398
36047006700,36,1.409,1.344,0.28,0.633,0.0036,136
36047026000,36,1.685,1.623,0.284,0.583,0.0045,127
53033007202,53,1.229,1.2245,0.254,0.744,0.0834,586
11001004402,11,1.107,1.095,0.273,0.698,0.0299,391
17031210601,17,1.316,1.2405,0.283,0.735,0.0088,292
17031300900,17,1.376,1.331,0.294,0.765,0.0056,322
17031010600,17,1.587,1.304,0.303,0.739,0.02,485
24510110200,24,1.773,1.749,0.274,0.872,0.108,1096
36005041300,36,1.471,1.3415,0.267,0.786,0.0097,229
36061021303,36,1.22,1.177,0.276,0.596,0.0254,203
36047012901,36,2.258,1.834,0.271,0.646,0.0209,146
36061001402,36,1.81,1.504,0.263,0.654,0.0125,172
33011001300,33,1.356,1.254,0.284,0.792,0.0105,652
17031431301,17,1.78,1.4485,0.299,0.856,0.0077,377
55079180200,55,1.879,1.703,0.313,0.891,0.011,879
17031150800,17,1.555,1.504,0.295,0.799,0.0113,550
36061007600,36,1.069,1.062,0.271,0.448,0.0257,179
36005037300,36,1.504,1.3695,0.27,0.629,0.0122,211
17031843600,17,1.904,1.584,0.301,0.785,0.0113,413
36081054500,36,1.592,1.297,0.27,0.636,0.0039,143
36081084601,36,1.555,1.4935,0.312,0.671,0.0044,254
55079005500,55,2.044,1.751,0.294,0.853,0.0179,938
17031251200,17,1.442,1.4345,0.303,0.825,0.014,566
17031819300,17,1.564,1.544,0.296,0.879,0.0237,943
36061027100,36,1.571,1.3095,0.278,0.695,0.017,279
55079091000,55,1.638,1.588,0.274,0.846,0.1143,982
36081075702,36,1.631,1.5835,0.285,0.657,0.0021,333
17031242200,17,1.453,1.2395,0.299,0.779,0.0114,352
34023005602,34,1.362,1.268,0.308,0.806,0.0119,566
36081036300,36,1.625,1.5225,0.271,0.596,0.0088,153
34017015500,34,1.685,1.537,0.261,0.748,0.0087,456
11001008302,11,2.036,1.922,0.275,0.766,0.0217,360
36061017200,36,1.304,1.197,0.278,0.689,0.0205,244
17031730100,17,2.258,1.6735,0.296,0.73,0.009,514
17031260800,17,1.946,1.6855,0.3,0.645,0.0092,325
17031110501,17,1.864,1.863,0.29,0.884,0.0208,809
55079007500,55,1.58,1.3835,0.305,0.761,0.0114,550
36047015700,36,1.887,1.873,0.287,0.594,0.0067,134
55079004600,55,1.862,1.8545,0.287,0.824,0.0739,724
17031844700,17,1.417,1.273,0.297,0.709,0.0116,417
36081003302,36,1.567,1.33,0.289,0.755,0.0061,353
17031460301,17,1.915,1.603,0.294,0.767,0.005,386
11001006500,11,1.148,1.1125,0.27,0.835,0.0486,679
17031061500,17,1.247,1.233,0.277,0.674,0.0084,164
08031003005,08,1.281,1.259,0.301,0.77,0.0227,742
36047090000,36,1.983,1.809,0.282,0.511,0.013,242
17031490700,17,1.382,1.2255,0.326,0.759,0.003,484
36005038700,36,1.799,1.5305,0.273,0.617,0.0124,236
17031620300,17,1.607,1.3205,0.309,0.836,0.0101,819
55079017300,55,1.398,1.2125,0.295,0.776,0.0229,532
36081124700,36,1.567,1.4805,0.301,0.776,0.0054,451
36081114100,36,1.945,1.7255,0.292,0.69,0.0065,389
17031020802,17,1.445,1.409,0.296,0.885,0.0376,647
55079008100,55,1.312,1.1755,0.28,0.748,0.005,286
36047044500,36,1.727,1.5625,0.228,0.524,0.0043,182
36047096200,36,1.591,1.3815,0.278,0.624,0.0244,211
17031291200,17,1.244,1.178,0.288,0.754,0.0113,331
08031002801,08,1.546,1.4915,0.281,0.888,0.0692,966
55079003200,55,1.926,1.863,0.291,0.884,0.0235,705
55079005200,55,1.679,1.401,0.296,0.846,0.0367,628
36061005200,36,1.333,1.303,0.263,0.659,0.0138,257
17031200402,17,1.283,1.2645,0.302,0.67,0.0055,338
36005040501,36,1.933,1.685,0.27,0.49,0.0082,96
36047054700,36,1.247,1.1375,0.283,0.73,0.0045,213
17031301701,17,1.567,1.3675,0.264,0.615,0.0032,295
34017018702,34,2.258,1.7205,0.271,0.686,0.0073,251
36005022300,36,2.233,1.7155,0.27,0.66,0.0098,125
17031740100,17,1.223,1.221,0.304,0.826,0.008,655
17031040900,17,1.208,1.15,0.29,0.736,0.0139,356
36047028800,36,1.249,1.1685,0.281,0.494,0.0057,130
06037214800,06,1.961,1.584,0.281,0.764,0.0245,585
36081003900,36,1.99,1.6755,0.294,0.667,0.0082,144
27123032200,27,1.501,1.297,0.299,0.829,0.0083,660
36047043300,36,1.977,1.781,0.273,0.519,0.0052,191
36061006100,36,1.251,1.2395,0.272,0.634,0.0139,166
34013007800,34,1.834,1.5665,0.295,0.661,0.0021,162
36047014902,36,1.154,1.127,0.282,0.618,0.0069,166
36081040000,36,1.998,1.923,0.276,0.646,0.0136,216
17031440700,17,2.225,1.732,0.296,0.613,0.0096,275
36081047000,36,2.437,1.832,0.279,0.751,0.0031,252
53033008700,53,2.999,2.4605,0.266,0.869,0.2549,1213
11001009301,11,1.406,1.356,0.3,0.872,0.0251,1093
36047042300,36,1.397,1.3255,0.29,0.622,0.0043,175
11001005001,11,1.503,1.3695,0.266,0.659,0.0391,328
17031670100,17,1.58,1.3945,0.308,0.657,0.0042,264
36061020600,36,1.136,1.122,0.276,0.579,0.008,178
36047027900,36,1.874,1.607,0.209,0.565,0.0035,127
55079006400,55,1.512,1.314,0.304,0.756,0.0078,420
34017000200,34,1.135,1.093,0.265,0.766,0.0031,339
27123030900,27,1.647,1.415,0.307,0.831,0.0106,781
17031670900,17,1.99,1.5405,0.309,0.694,0.0073,301
17031110300,17,1.21,1.182,0.301,0.79,0.0185,905
53033008003,53,1.242,1.151,0.251,0.838,0.0431,454
11001008100,11,1.669,1.4145,0.284,0.806,0.0181,418
36081035100,36,1.385,1.251,0.265,0.604,0.0108,152
36047093800,36,1.688,1.532,0.254,0.579,0.007,161
17031030500,17,1.579,1.536,0.285,0.799,0.0291,609
36081027500,36,1.655,1.3305,0.283,0.59,0.0049,199
36047053300,36,1.557,1.3595,0.287,0.641,0.0039,173
36047085000,36,1.607,1.347,0.279,0.671,0.0136,187
36081045700,36,1.329,1.262,0.297,0.739,0.0051,123
17031611400,17,1.193,1.172,0.289,0.672,0.0062,315
36081001903,36,1.671,1.56,0.284,0.772,0.0136,477
55079100300,55,1.57,1.56,0.286,0.819,0.0554,844
53033003202,53,1.842,1.5775,0.267,0.736,0.1209,976
17031710400,17,2.021,1.8105,0.285,0.881,0.017,804
17031710700,17,2.492,1.8355,0.294,0.606,0.0071,444
55079015900,55,1.946,1.5225,0.285,0.802,0.021,528
17031630400,17,1.419,1.3815,0.296,0.676,0.0094,551
53033007901,53,1.242,1.166,0.257,0.825,0.0222,525
36047018300,36,1.981,1.8045,0.23,0.574,0.0071,122
17031140800,17,2.179,1.736,0.308,0.831,0.0274,718
17031010702,17,2.044,1.691,0.313,0.765,0.0092,346
53033004800,53,2.159,1.6935,0.265,0.859,0.2556,1764
17031480200,17,1.475,1.307,0.28,0.759,0.0197,341
36061005800,36,1.759,1.4385,0.267,0.653,0.0118,175
36047089600,36,1.416,1.2875,0.284,0.559,0.0075,149
17031250700,17,1.132,1.0735,0.303,0.766,0.0115,573
17031050200,17,1.597,1.3785,0.3,0.836,0.0214,698
27053100700,27,2.023,1.766,0.28,0.731,0.0078,873
17031100100,17,1.623,1.6215,0.298,0.92,0.0707,1124
36081010800,36,1.843,1.618,0.276,0.464,0.0034,115
08031001603,08,2.009,1.6485,0.27,0.894,0.1964,1564
36047042900,36,1.608,1.564,0.279,0.603,0.003,154
27053101300,27,1.962,1.5685,0.299,0.796,0.0085,443
17031560400,17,1.836,1.7355,0.301,0.705,0.0053,276
36081045900,36,1.553,1.481,0.272,0.579,0.0028,123
27053102100,27,1.601,1.541,0.282,0.874,0.0237,806
53033003601,53,2.125,1.9355,0.27,0.839,0.0647,922
17031430101,17,1.179,1.174,0.299,0.74,0.0038,284
17031051100,17,1.314,1.1865,0.291,0.66,0.0091,174
36047006000,36,1.876,1.4885,0.288,0.614,0.0193,141
36061015002,36,2.199,1.798,0.267,0.591,0.0133,161
17031837000,17,1.248,1.229,0.292,0.711,0.0121,430
53033005307,53,1.653,1.35,0.268,0.516,0.0101,152
27123036400,27,1.831,1.5945,0.305,0.917,0.0269,1074
36081141700,36,1.493,1.3415,0.3,0.858,0.0244,751
36047115600,36,1.544,1.4595,0.265,0.675,0.0088,212
36047024000,36,1.696,1.593,0.273,0.629,0.0053,153
11001004801,11,1.652,1.5275,0.272,0.811,0.0291,493
53033007503,53,2.067,1.8235,0.25,0.756,0.0477,412
36081005700,36,1.452,1.3285,0.284,0.759,0.0023,216
17031710800,17,1.93,1.599,0.301,0.796,0.0112,699
36081029100,36,1.617,1.357,0.267,0.796,0.019,339
36047014000,36,1.471,1.3595,0.265,0.529,0.0127,160
06075047902,06,1.175,1.165,0.301,0.694,0.0113,316
36047015900,36,1.336,1.178,0.284,0.655,0.0159,239
17031814600,17,1.892,1.5865,0.297,0.823,0.0083,669
27053100800,27,1.924,1.637,0.275,0.819,0.0245,904
17031681000,17,1.601,1.4865,0.283,0.724,0.0154,627
17031130300,17,1.335,1.2915,0.306,0.809,0.011,567
27053003300,27,1.674,1.5895,0.295,0.835,0.0112,646
36047015500,36,2.12,1.793,0.293,0.55,0.0092,107
17031251100,17,2.024,1.6975,0.294,0.844,0.0072,474
27053109200,27,2.32,1.8775,0.288,0.805,0.0048,477
25025060501,25,1.694,1.399,0.296,0.829,0.016,466
17031090200,17,1.624,1.3975,0.307,0.895,0.0179,1073
27123035700,27,2.215,1.8955,0.318,0.809,0.0028,477
36081081400,36,1.157,1.109,0.302,0.56,0.0015,245
36081012000,36,1.172,1.112,0.276,0.696,0.006,147
11001008410,11,1.198,1.146,0.268,0.73,0.045,382
17031150402,17,1.423,1.2795,0.304,0.781,0.0082,571
36047075800,36,1.902,1.584,0.282,0.464,0.0069,153
26125175300,26,1.962,1.8455,0.295,0.883,0.0144,1070
17031831900,17,1.516,1.4785,0.278,0.795,0.0147,393
36047003700,36,1.854,1.7265,0.284,0.69,0.0213,217
08031002300,08,1.705,1.4395,0.296,0.91,0.0574,1424
34017017000,34,1.604,1.586,0.256,0.706,0.0045,352
17031010502,17,1.32,1.262,0.291,0.754,0.0259,189
17031190200,17,1.576,1.5155,0.301,0.82,0.0059,556
36081008500,36,1.727,1.5045,0.3,0.714,0.0056,273
11001010100,11,2.931,2.0545,0.292,0.845,0.1191,740
17031560900,17,2.218,1.9195,0.295,0.78,0.0446,1040
08031000703,08,1.471,1.4105,0.273,0.741,0.04,643
53063004200,53,1.817,1.75,0.299,0.919,0.1343,1945
55079015700,55,1.976,1.946,0.284,0.814,0.0194,564
36081015802,36,2.318,1.72,0.282,0.748,0.0024,239
36047019800,36,2.443,2.115,0.276,0.594,0.0043,115
36047006600,36,1.598,1.4165,0.27,0.549,0.0139,135
36005041500,36,1.509,1.3395,0.278,0.58,0.0118,139
36081004002,36,1.513,1.4355,0.252,0.585,0.0284,201
36081055700,36,1.364,1.3315,0.288,0.652,0.0041,234
17031671200,17,1.407,1.332,0.288,0.653,0.0036,228
55079016800,55,1.267,1.156,0.263,0.825,0.0643,749
36061014602,36,1.346,1.226,0.273,0.596,0.0301,115
12086006203,12,1.311,1.1975,0.282,0.864,0.0787,1188
36005007600,36,1.396,1.2525,0.278,0.677,0.0189,244
08031002405,08,2.023,1.676,0.259,0.871,0.1606,1100
17031650301,17,1.298,1.2435,0.303,0.83,0.0123,752
36047005900,36,1.48,1.2765,0.289,0.72,0.0073,384
42049000901,42,1.742,1.448,0.286,0.735,0.0129,466
36081079900,36,1.287,1.173,0.28,0.811,0.0111,290
36081081800,36,1.98,1.7305,0.304,0.738,0.0057,287
36047110400,36,1.448,1.355,0.276,0.774,0.097,875
55079017400,55,1.666,1.3455,0.308,0.689,0.0191,347
36047021800,36,1.443,1.337,0.277,0.567,0.0084,155
25025070104,25,1.411,1.366,0.271,0.881,0.1352,1081
36047101400,36,1.492,1.3945,0.292,0.565,0.0077,112
36061026100,36,1.065,1.058,0.293,0.744,0.0125,169
55079012200,55,1.561,1.478,0.29,0.881,0.0275,665
36081083800,36,1.532,1.489,0.312,0.704,0.0024,342
36047043900,36,2.103,1.647,0.273,0.739,0.0064,279
36061012500,36,1.157,1.107,0.281,0.725,0.0211,197
36061011203,36,1.031,1.026,0.264,0.698,0.0189,111
26163526300,26,1.545,1.4115,0.295,0.786,0.013,770
17031630500,17,1.367,1.262,0.296,0.79,0.0097,569
17031250600,17,1.433,1.3255,0.292,0.751,0.013,599
17031730500,17,1.868,1.64,0.306,0.92,0.0142,1018
11001008002,11,2.049,1.7975,0.287,0.853,0.0676,759
53033004402,53,1.643,1.5635,0.251,0.778,0.0122,494
36005020000,36,1.368,1.33,0.27,0.744,0.0642,492
17031221300,17,1.48,1.4,0.283,0.825,0.0259,413
36081004001,36,2.487,2.0915,0.261,0.641,0.0126,234
26145000700,26,1.546,1.476,0.306,0.865,0.0511,1187
17031040202,17,1.501,1.4085,0.301,0.809,0.0346,606
36081063200,36,1.768,1.5665,0.274,0.709,0.0032,300
53033005402,53,1.798,1.6775,0.268,0.815,0.0217,684
36047026500,36,2.167,1.905,0.281,0.465,0.0044,124
36047083600,36,1.804,1.6475,0.288,0.53,0.007,185
42101013601,42,1.335,1.261,0.273,0.665,0.0313,255
33011000600,33,1.428,1.396,0.272,0.812,0.058,767
17031430500,17,1.777,1.5605,0.288,0.756,0.0222,426
36047014500,36,1.66,1.5165,0.292,0.69,0.0059,176
36047080600,36,2.133,1.762,0.284,0.686,0.006,166
55101001002,55,1.954,1.8565,0.283,0.881,0.1847,954
36047006500,36,1.393,1.361,0.288,0.736,0.0044,235
36047049700,36,1.851,1.5045,0.274,0.685,0.0073,202
11001004201,11,2.001,1.985,0.252,0.631,0.0537,352
34017015004,34,1.104,1.0755,0.255,0.619,0.002,194
51760030501,51,1.297,1.295,0.268,0.89,0.0846,1143
36081046100,36,1.36,1.3515,0.258,0.595,0.0069,156
17031640700,17,1.413,1.208,0.292,0.824,0.0146,616
25025010701,25,1.152,1.15,0.265,0.645,0.0055,267
27053108600,27,1.377,1.2825,0.278,0.719,0.007,615
18105000100,18,1.488,1.4525,0.289,0.936,0.0911,1854
17031430400,17,1.423,1.271,0.294,0.779,0.0233,519
36047014800,36,2.207,1.765,0.288,0.542,0.0061,114
06067001103,06,1.5,1.4065,0.286,0.92,0.1341,1448
11001004901,11,1.364,1.361,0.269,0.738,0.0303,408
17031813000,17,1.845,1.665,0.294,0.706,0.0257,700
53033003400,53,2.264,2.19,0.262,0.87,0.2396,942
17031660500,17,1.894,1.799,0.291,0.741,0.0075,547
36047095400,36,1.414,1.2795,0.283,0.699,0.0248,258
36005040502,36,1.895,1.601,0.288,0.544,0.0058,138
36047023600,36,1.786,1.605,0.299,0.619,0.0045,120
36047112600,36,1.87,1.54,0.288,0.614,0.004,164
17031833000,17,1.914,1.602,0.283,0.917,0.1962,1842
36081072900,36,2.27,1.7445,0.27,0.641,0.0052,209
36081018402,36,2.066,1.7765,0.287,0.624,0.0065,209
06037273300,06,1.786,1.449,0.283,0.781,0.011,701
36061019300,36,3.266,2.36,0.276,0.621,0.0185,202
36005031800,36,1.361,1.211,0.294,0.701,0.0075,162
55079015800,55,1.794,1.717,0.292,0.811,0.0152,473
36047101000,36,1.867,1.5155,0.284,0.554,0.0081,154
17031814700,17,1.408,1.296,0.301,0.876,0.0106,732
36047116000,36,1.389,1.215,0.272,0.649,0.0032,160
36081025100,36,1.456,1.2705,0.281,0.633,0.012,285
36047000501,36,1.563,1.2945,0.246,0.573,0.0032,116
17031838700,17,1.591,1.589,0.299,0.744,0.0264,671
39095001001,39,1.85,1.517,0.303,0.76,0.0057,431
17031661000,17,1.505,1.3415,0.316,0.846,0.0111,788
36047018400,36,1.755,1.4915,0.283,0.648,0.0076,148
36081105900,36,1.484,1.248,0.298,0.671,0.0032,450
55079016100,55,1.944,1.7505,0.284,0.864,0.0089,665
06073005302,06,1.668,1.529,0.269,0.852,0.0687,722
06075015802,06,1.468,1.2695,0.271,0.661,0.0048,205
34017016800,34,1.355,1.327,0.249,0.588,0.0069,286
27053109300,27,1.737,1.5515,0.302,0.787,0.0082,638
27053111200,27,1.842,1.624,0.291,0.82,0.0105,931
27053010700,27,1.125,1.1045,0.293,0.774,0.0053,566
36081019600,36,4.165,2.7945,0.294,0.575,0.0055,203
17167004200,17,1.371,1.253,0.307,0.874,0.0774,1689
06037191902,06,1.373,1.3465,0.285,0.838,0.0305,724
01097000200,01,2.189,1.6735,0.282,0.905,0.192,2657
36047007400,36,2.39,1.792,0.283,0.527,0.0083,125
26145000400,26,1.745,1.6145,0.291,0.913,0.0897,1417
36081061400,36,1.195,1.164,0.298,0.795,0.0036,196
17031241300,17,1.938,1.762,0.308,0.634,0.0094,171
36005018302,36,2.347,1.7815,0.263,0.547,0.0108,152
30063001100,30,1.809,1.4365,0.303,0.876,0.1558,1456
17031071000,17,2.165,2.03,0.287,0.823,0.0064,382
06075016601,06,1.223,1.2135,0.286,0.67,0.0062,206
17031813900,17,1.311,1.3095,0.304,0.838,0.0098,575
36081067900,36,2.603,2.4245,0.274,0.78,0.0448,342
26163542100,26,1.853,1.599,0.3,0.856,0.0118,883
36081017800,36,1.777,1.401,0.275,0.632,0.0059,200
42101013401,42,1.835,1.506,0.261,0.674,0.0207,228
17031020702,17,1.671,1.5525,0.298,0.853,0.0117,636
17031040800,17,1.853,1.456,0.288,0.765,0.0087,250
17031491200,17,1.419,1.257,0.302,0.834,0.0056,525
08077000300,08,1.274,1.1935,0.286,0.921,0.1555,1814
36081036800,36,2.01,1.6545,0.27,0.595,0.0154,267
36047026400,36,1.673,1.341,0.275,0.676,0.0075,189
36047039500,36,1.41,1.353,0.277,0.631,0.0105,192
17031681400,17,1.347,1.286,0.306,0.8,0.0043,508
06075011001,06,1.411,1.264,0.256,0.636,0.0054,147
36081089201,36,1.555,1.507,0.296,0.852,0.1741,1206
26163526400,26,2.057,1.6395,0.295,0.727,0.0129,524
17031431200,17,1.541,1.5005,0.303,0.765,0.0071,569
17031090100,17,1.905,1.5275,0.302,0.781,0.0071,781
36081145900,36,1.296,1.218,0.292,0.675,0.0068,316
17031690900,17,2.165,1.6685,0.314,0.744,0.0059,493
36081040701,36,1.576,1.4005,0.256,0.637,0.0114,102
17031251500,17,1.568,1.4815,0.321,0.825,0.0107,558
11001001100,11,1.578,1.4585,0.298,0.86,0.1851,1731
17031490200,17,1.693,1.6595,0.313,0.861,0.0118,650
11001006801,11,1.721,1.4855,0.285,0.73,0.0269,316
17031650302,17,1.665,1.4925,0.306,0.661,0.0137,564
26163573701,26,3.033,2.1805,0.3,0.798,0.0143,379
06037214600,06,1.473,1.3405,0.282,0.786,0.0226,554
17031160601,17,1.787,1.467,0.295,0.731,0.003,305
55079017600,55,2.474,1.7755,0.297,0.819,0.0181,457
11001001901,11,2.124,1.7315,0.275,0.905,0.0536,1029
17031491100,17,2.066,1.809,0.304,0.835,0.0179,1074
36047039900,36,1.47,1.3065,0.278,0.635,0.0055,156
17031251300,17,2.174,1.887,0.305,0.725,0.0105,543
36047006902,36,2.001,1.582,0.28,0.65,0.0049,89
36047022700,36,2.064,1.7735,0.298,0.676,0.0067,223
36081139900,36,1.575,1.5015,0.292,0.612,0.0036,283
17031220602,17,1.342,1.199,0.29,0.784,0.0289,531
36005023301,36,1.168,1.104,0.281,0.629,0.013,145
36061015801,36,1.272,1.166,0.273,0.597,0.0149,155
08031000302,08,1.525,1.3325,0.278,0.892,0.1018,1738
17031580501,17,1.768,1.5275,0.295,0.836,0.0155,516
34017002400,34,2.034,1.578,0.26,0.656,0.0043,267
36005028800,36,1.446,1.311,0.302,0.58,0.0069,302
27123035500,27,1.211,1.141,0.299,0.806,0.0148,448
17031840800,17,1.469,1.4615,0.292,0.649,0.0062,323
12086004303,12,1.55,1.44,0.29,0.766,0.0094,467
36047000200,36,1.754,1.7015,0.285,0.729,0.0065,289
17031242400,17,1.235,1.1545,0.278,0.689,0.0336,403
06037194401,06,1.641,1.567,0.286,0.826,0.0133,499
34017002300,34,1.733,1.6735,0.252,0.676,0.0067,321
27053008100,27,1.455,1.355,0.289,0.838,0.0292,601
36047009800,36,1.925,1.8475,0.27,0.556,0.0057,111
36081036100,36,1.697,1.617,0.274,0.629,0.0159,205
27123034900,27,1.814,1.6385,0.303,0.807,0.0338,1004
36047015300,36,1.358,1.344,0.281,0.53,0.011,129
36047033300,36,1.78,1.76,0.3,0.578,0.0057,135
17031051000,17,1.144,1.134,0.275,0.718,0.0162,191
53033010601,53,1.806,1.656,0.282,0.844,0.0326,1063
36047074200,36,1.787,1.71,0.285,0.38,0.0095,131
36081017902,36,1.244,1.156,0.272,0.69,0.0343,454
26163535600,26,1.584,1.48,0.296,0.83,0.0416,839
36047004100,36,1.195,1.152,0.285,0.518,0.0031,155
26081001600,26,1.401,1.256,0.301,0.908,0.0371,1273
36047152200,36,1.517,1.449,0.282,0.78,0.0036,313
36047038700,36,1.634,1.559,0.274,0.557,0.0046,162
17031720600,17,2.611,2.011,0.306,0.818,0.0161,487
27053111400,27,1.829,1.8065,0.288,0.913,0.1139,1179
36081115500,36,1.268,1.265,0.297,0.695,0.009,169
24510200100,24,2.179,1.932,0.263,0.753,0.0489,422
36081005100,36,2.082,1.556,0.27,0.564,0.0057,156
36047029800,36,1.526,1.4905,0.279,0.625,0.0247,221
17031150300,17,1.319,1.2355,0.305,0.849,0.0372,1121
36047017000,36,1.97,1.5435,0.301,0.694,0.0071,165
36081038100,36,1.369,1.21,0.285,0.78,0.0048,235
36047059403,36,1.708,1.3825,0.288,0.623,0.0069,159
06037310704,06,1.138,1.1285,0.296,0.844,0.0426,513
17031720300,17,1.531,1.2735,0.297,0.791,0.0297,966
33011001400,33,1.328,1.3095,0.266,0.881,0.0869,904
36047067400,36,2.024,1.8625,0.277,0.511,0.0283,173
27053108000,27,2.384,2.161,0.264,0.867,0.0532,845
36061004500,36,1.631,1.583,0.247,0.579,0.0121,168
36047048400,36,1.523,1.4905,0.294,0.612,0.0085,159
26049001100,26,1.714,1.376,0.301,0.866,0.0316,1041
17031062400,17,1.734,1.432,0.282,0.588,0.0154,194
35001000501,35,1.932,1.637,0.278,0.944,0.1236,1565
36047025000,36,1.44,1.2405,0.274,0.485,0.0124,192
34017015700,34,1.69,1.6825,0.26,0.57,0.0046,241
17031812900,17,1.672,1.461,0.302,0.883,0.0261,1018
17031030200,17,1.461,1.427,0.294,0.81,0.028,590
17031221600,17,1.242,1.178,0.284,0.82,0.0473,439
01073002701,01,1.411,1.372,0.306,0.877,0.1067,1312
17031560800,17,1.293,1.2015,0.3,0.926,0.0489,1245
17031711500,17,1.467,1.306,0.308,0.866,0.0048,524
55079003700,55,1.776,1.7065,0.3,0.8,0.0131,494
17031700501,17,1.551,1.3295,0.31,0.884,0.032,1353
17031100700,17,1.882,1.5635,0.308,0.861,0.0104,907
27053108700,27,1.776,1.585,0.293,0.831,0.0229,1002
36047118400,36,3.449,2.423,0.286,0.574,0.004,172
36047051800,36,1.677,1.5095,0.287,0.557,0.0078,151
55079007000,55,1.718,1.6705,0.296,0.826,0.0231,628
17031813200,17,1.731,1.45,0.318,0.826,0.0237,832
36047051601,36,1.409,1.2975,0.273,0.604,0.0106,125
17031660400,17,1.498,1.328,0.298,0.794,0.0103,565
30063001200,30,1.836,1.5035,0.292,0.951,0.1793,3422
26163540200,26,1.401,1.365,0.3,0.806,0.0315,883
26163530400,26,1.276,1.261,0.289,0.739,0.0302,392
26163574600,26,1.424,1.3965,0.305,0.833,0.0493,1162
36047038900,36,1.387,1.2865,0.258,0.633,0.0151,239
36047020800,36,2.538,1.941,0.185,0.625,0.0052,110
12086004405,12,1.473,1.3405,0.269,0.771,0.0301,500
12086006206,12,1.683,1.353,0.28,0.883,0.0624,953
36047002100,36,1.698,1.407,0.277,0.833,0.0228,657
17031611700,17,1.97,1.9345,0.307,0.62,0.0098,291
35001000402,35,1.521,1.3335,0.306,0.905,0.0485,1420
36047015000,36,1.691,1.6055,0.258,0.554,0.0042,155
36081012200,36,1.618,1.426,0.283,0.499,0.0057,198
12086006608,12,1.43,1.292,0.295,0.882,0.1308,1009
11001008301,11,1.656,1.5355,0.274,0.812,0.0422,471
36047055200,36,1.63,1.3485,0.283,0.559,0.0085,144
06075021400,06,1.608,1.4735,0.3,0.701,0.0063,275
27053110400,27,2.059,1.897,0.29,0.921,0.0153,863
36061021800,36,1.129,1.067,0.283,0.663,0.0177,190
26049001000,26,1.24,1.2,0.287,0.743,0.0662,846
11001008701,11,1.348,1.2925,0.272,0.759,0.0378,518
55079006800,55,1.2,1.171,0.294,0.688,0.0047,462
36047078400,36,1.891,1.7225,0.259,0.662,0.0056,105
36061003002,36,1.356,1.2725,0.251,0.671,0.021,121
17089853601,17,1.718,1.4505,0.295,0.833,0.0167,575
36047031300,36,2.145,1.781,0.29,0.56,0.007,133
36047112000,36,1.332,1.193,0.272,0.573,0.0037,174
36047012902,36,1.462,1.304,0.262,0.689,0.014,177
17031040201,17,1.798,1.4215,0.297,0.831,0.0183,730
36047082400,36,1.202,1.1995,0.287,0.652,0.0042,199
17031611300,17,1.216,1.1665,0.292,0.686,0.005,317
55079009500,55,1.313,1.252,0.303,0.709,0.0052,364
17031580600,17,2.328,1.739,0.289,0.815,0.0102,497
36081055200,36,2.132,1.699,0.27,0.738,0.0491,430
17031671800,17,1.918,1.587,0.31,0.694,0.0068,248
17031252201,17,1.724,1.58,0.293,0.809,0.0164,383
36081048400,36,1.561,1.324,0.294,0.605,0.0032,336
17031440101,17,1.657,1.497,0.296,0.802,0.0092,362
36061020102,36,1.365,1.228,0.264,0.54,0.0262,110
36081011800,36,1.984,1.526,0.266,0.649,0.0103,180
36047091600,36,2.272,1.894,0.292,0.64,0.0063,194
36081041300,36,1.481,1.374,0.266,0.534,0.0097,175
17031491000,17,2.097,1.7725,0.304,0.849,0.0131,956
17031251400,17,1.167,1.087,0.289,0.869,0.0267,678
17031711200,17,1.899,1.492,0.313,0.912,0.034,923
36047037100,36,1.601,1.4965,0.283,0.588,0.0065,179
48201410703,48,1.616,1.3515,0.284,0.829,0.0456,711
17031231500,17,1.328,1.278,0.315,0.87,0.0206,882
55079017900,55,1.381,1.351,0.28,0.79,0.0238,740
17031570300,17,1.642,1.597,0.299,0.854,0.0301,784
36047027000,36,1.539,1.348,0.288,0.508,0.0148,108
06073005900,06,1.924,1.764,0.278,0.764,0.0485,589
34017005600,34,1.627,1.4335,0.263,0.619,0.0058,251
17031150401,17,1.335,1.258,0.301,0.811,0.0202,661
36047019400,36,1.544,1.375,0.286,0.63,0.0107,157
17031640800,17,1.12,1.0615,0.287,0.749,0.0162,302
08031001707,08,1.307,1.2905,0.273,0.873,0.1149,926
27053109800,27,1.864,1.6945,0.295,0.802,0.0234,1017
36047060000,36,1.154,1.1185,0.304,0.789,0.0096,364
53033007404,53,1.477,1.292,0.249,0.657,0.0018,207
25025020304,25,1.369,1.3265,0.255,0.715,0.0543,296
17031221500,17,2.092,1.7285,0.291,0.864,0.0682,431
36081023502,36,2.038,1.601,0.275,0.593,0.0158,131
36005039100,36,2.039,1.56,0.275,0.651,0.0138,270
11001002900,11,1.251,1.207,0.269,0.748,0.015,404
24510040100,24,1.632,1.5045,0.279,0.91,0.2214,1591
17031210602,17,1.705,1.6435,0.291,0.804,0.0164,385
36047093400,36,1.887,1.591,0.273,0.649,0.0259,194
17167001800,17,2.479,1.9145,0.28,0.894,0.1592,2118
36047007500,36,2.148,1.7805,0.289,0.733,0.0022,233
36047007800,36,1.215,1.2125,0.274,0.511,0.0043,122
17031230100,17,1.856,1.526,0.274,0.64,0.0175,197
36081118700,36,1.246,1.203,0.296,0.604,0.0045,159
36061013100,36,1.329,1.233,0.275,0.698,0.0219,215
26081003300,26,1.568,1.5,0.306,0.844,0.0146,849
51013103601,51,1.267,1.2435,0.294,0.791,0.0087,627
36047065600,36,1.154,1.095,0.281,0.57,0.0103,136
36081133300,36,1.213,1.1415,0.307,0.755,0.0011,386
36081028802,36,1.736,1.4245,0.299,0.667,0.0075,188
17031050600,17,1.362,1.3235,0.295,0.674,0.0196,377
27053125700,27,1.952,1.489,0.294,0.782,0.0074,717
35001001500,35,1.281,1.234,0.297,0.845,0.0385,1429
17031812100,17,1.855,1.751,0.301,0.929,0.0208,827
11001001003,11,1.799,1.4585,0.327,0.868,0.0192,816
26049000200,26,1.618,1.434,0.298,0.797,0.0025,654
11001007903,11,1.342,1.192,0.281,0.769,0.0608,386
17031031700,17,1.496,1.3325,0.302,0.78,0.0111,380
32003007900,32,2.15,2.03,0.269,0.951,0.245,2252
36047075400,36,1.617,1.4305,0.302,0.512,0.0052,103
17089851101,17,1.487,1.484,0.293,0.897,0.1584,1216
36081101700,36,1.568,1.554,0.289,0.869,0.0334,881
17031051200,17,2.307,1.774,0.286,0.626,0.009,181
36061001600,36,1.274,1.262,0.253,0.772,0.0182,356
17031220701,17,2.805,2.014,0.268,0.694,0.0245,248
55079009900,55,1.457,1.345,0.277,0.865,0.0358,651
36029006903,36,1.735,1.524,0.281,0.629,0.0068,262
27053002700,27,1.475,1.384,0.284,0.837,0.0059,639
36047018800,36,1.691,1.609,0.29,0.691,0.0063,132
17031243300,17,1.24,1.1755,0.284,0.812,0.0162,430
36047067000,36,1.894,1.8155,0.277,0.719,0.0251,263
42003080900,42,2.123,1.9825,0.274,0.789,0.024,511
36081144100,36,1.487,1.314,0.275,0.761,0.0106,376
36081072300,36,1.502,1.4715,0.292,0.674,0.0057,387
36061025900,36,1.922,1.902,0.212,0.641,0.0703,144
27123033800,27,2.422,1.7525,0.289,0.689,0.0094,421
53033003302,53,1.86,1.529,0.262,0.762,0.079,807
27053102000,27,1.615,1.37,0.289,0.864,0.0071,657
17031520400,17,2.021,1.7375,0.303,0.865,0.0101,607
36047025600,36,1.429,1.3145,0.313,0.616,0.0072,106
17031062200,17,1.054,1.047,0.286,0.636,0.0101,269
17031220902,17,1.224,1.1395,0.3,0.731,0.0228,308
55079006900,55,1.598,1.39,0.286,0.782,0.0094,520
17031200401,17,1.233,1.221,0.306,0.731,0.0042,309
06075016802,06,1.515,1.426,0.271,0.779,0.0155,330
17031834700,17,1.364,1.265,0.32,0.792,0.0077,495
42043020400,42,1.314,1.166,0.265,0.719,0.0522,336
36047051700,36,2.314,2.1495,0.278,0.631,0.0045,232
06075020900,06,2.369,2.091,0.285,0.744,0.0111,321
36081001800,36,2.36,1.787,0.279,0.646,0.0056,176
36081069702,36,3.483,2.421,0.297,0.542,0.0045,351
36081061200,36,2.179,1.818,0.31,0.584,0.0043,172
55079185400,55,1.343,1.3185,0.292,0.859,0.0672,875
27123035200,27,1.839,1.567,0.286,0.91,0.0233,925
36061017300,36,1.472,1.386,0.293,0.514,0.0208,132
17031650100,17,1.774,1.566,0.298,0.815,0.0129,563
17031611200,17,3.203,2.181,0.302,0.761,0.0065,304
39095000201,39,1.642,1.516,0.279,0.795,0.0024,418
36047039300,36,1.698,1.6475,0.27,0.626,0.0095,236
36047047200,36,1.551,1.282,0.279,0.717,0.0066,156
36047090200,36,1.597,1.566,0.265,0.603,0.0061,170
36081103300,36,1.528,1.48,0.301,0.749,0.0047,399
36047065400,36,2.33,1.7915,0.302,0.522,0.0065,110
06067002000,06,1.508,1.4545,0.3,0.875,0.0763,1187
36047053800,36,1.831,1.4935,0.287,0.583,0.0117,157
31109002002,31,1.881,1.708,0.284,0.875,0.1191,785
36081033900,36,2.407,2.22,0.267,0.52,0.0255,155
36081114700,36,1.608,1.5175,0.297,0.594,0.0034,211
36047118800,36,1.141,1.0755,0.271,0.716,0.0032,211
26125184400,26,1.405,1.3055,0.282,0.895,0.085,1244
18089040200,18,2.215,2.084,0.302,0.867,0.0287,709
27053012001,27,1.803,1.687,0.292,0.883,0.0302,1694
36081134100,36,2.202,1.9815,0.29,0.762,0.0154,497
17031834200,17,1.737,1.6895,0.303,0.905,0.0334,884
55079007100,55,1.925,1.6025,0.297,0.805,0.0036,370
11001001401,11,1.906,1.522,0.304,0.889,0.0439,750
25025070202,25,1.755,1.386,0.261,0.704,0.0149,342
26163533400,26,1.316,1.2545,0.305,0.875,0.0549,999
36047030000,36,1.669,1.5745,0.281,0.606,0.0107,201
17031070400,17,1.205,1.172,0.29,0.72,0.0311,373
36081026100,36,1.172,1.0955,0.278,0.714,0.0138,229
06037207902,06,1.838,1.4585,0.287,0.82,0.0797,780
17031242100,17,1.785,1.4825,0.295,0.782,0.0152,396
36081016800,36,1.812,1.7825,0.277,0.589,0.0115,211
17031560200,17,1.353,1.2315,0.308,0.844,0.0038,453
04013092715,04,1.2,1.2,0.439,0.636,0.7748,266
27037061110,27,1.616,1.616,0.462,0.788,0.7218,471
48337950200,48,1.88,1.88,0.325,0.752,0.328,1342
40049681400,40,1.696,1.696,0.394,0.752,0.5417,1289
53033029505,53,1.126,1.126,0.364,0.74,0.6074,706
49049003104,49,1.547,1.547,0.487,0.648,0.7044,475
26125173200,26,1.348,1.348,0.294,0.804,0.0809,737
27163070107,27,1.257,1.257,0.454,0.708,0.6538,893
41051006404,41,1.231,1.231,0.373,0.812,0.3899,990
13121005503,13,1.496,1.496,0.348,0.684,0.4045,313
05069000502,05,1.255,1.255,0.463,0.832,0.6192,976
01091973400,01,1.715,1.715,0.422,0.6,0.4675,1146
12057010824,12,1.239,1.239,0.371,0.928,0.3541,369
35001000401,35,1.293,1.293,0.316,0.916,0.1223,1445
45015020901,45,1.423,1.423,0.375,0.652,0.6201,254
06037701302,06,1.886,1.886,0.329,0.528,0.112,242
33015100402,33,1.466,1.466,0.467,0.788,0.7245,420
39057270100,39,2.284,2.284,0.503,0.796,0.6794,1058
42101011400,42,2.06,2.06,0.394,0.648,0.5384,332
17031612200,17,1.714,1.714,0.298,0.904,0.0195,622
47013950900,47,2.041,2.041,0.459,0.636,0.8382,569
18119955702,18,2.036,2.036,0.338,0.716,0.6094,544
39023003001,39,2.365,2.365,0.503,0.712,0.8787,562
25017332401,25,1.291,1.291,0.398,0.844,0.3774,1235
36103145807,36,1.241,1.241,0.489,0.528,0.8637,169
06059011402,06,2.618,2.618,0.501,0.656,0.9289,171
36103145808,36,1.67,1.67,0.432,0.824,0.7031,255
08031000501,08,1.412,1.412,0.321,0.836,0.0336,952
36061018400,36,1.524,1.524,0.289,0.644,0.0977,225
36063023800,36,2.148,2.148,0.505,0.812,0.8746,192
12086000145,12,1.521,1.521,0.343,0.824,0.1503,367
06037575002,06,1.169,1.169,0.39,0.776,0.6041,459
34039032902,34,1.627,1.627,0.444,0.764,0.7834,390
48353950300,48,1.235,1.235,0.581,0.884,0.5518,553
12073000700,12,1.818,1.818,0.334,0.856,0.3525,1373
48201451005,48,1.256,1.256,0.394,0.672,0.8556,122
01101005503,01,1.477,1.477,0.48,0.768,0.5843,800
17197881009,17,1.561,1.561,0.468,0.612,0.688,858
06065040622,06,1.175,1.175,0.391,0.844,0.489,657
12099005950,12,1.674,1.674,0.316,0.836,0.3373,1006
47179061902,47,1.458,1.458,0.503,0.688,0.6315,1346
12057011006,12,2.71,2.71,0.55,0.724,0.8371,960
48209010401,48,1.709,1.709,0.395,0.84,0.5748,827
08005006708,08,1.819,1.819,0.43,0.8,0.5985,714
47173040201,47,2.172,2.172,0.468,0.656,0.7768,661
12095017118,12,1.434,1.434,0.421,0.916,0.3341,931
01097000802,01,1.606,1.606,0.465,0.716,0.9033,145
08021974800,08,1.418,1.418,0.41,0.676,0.4929,904
72033980001,72,1.254,1.254,0.437,0.588,0.8994,86
06085506305,06,1.43,1.43,0.307,0.876,0.1001,595
26125162100,26,1.155,1.155,0.354,0.836,0.3192,493
40015161900,40,1.656,1.656,0.387,0.808,0.5042,1261
21089040700,21,2.595,2.595,0.36,0.572,0.6362,854
53061041303,53,1.261,1.261,0.483,0.76,0.7734,706
39035170102,39,1.616,1.616,0.297,0.9,0.2094,1192
21111007800,21,1.792,1.792,0.364,0.888,0.2876,657
48061013104,48,1.815,1.815,0.434,0.804,0.693,443
01117030504,01,2.071,2.071,0.505,0.836,0.6652,1056
36059301300,36,1.245,1.245,0.293,0.88,0.2538,1374
40109106907,40,1.752,1.752,0.355,0.688,0.5822,352
17031801603,17,1.912,1.912,0.372,0.888,0.4838,690
05123960500,05,1.161,1.161,0.543,0.856,0.8154,448
01089011028,01,1.61,1.61,0.41,0.784,0.6294,1153
08005080100,08,2.404,2.404,0.333,0.808,0.4564,782
54039000600,54,1.484,1.484,0.504,0.756,0.8413,384
06037434003,06,1.477,1.477,0.465,0.78,0.9145,314
26125181500,26,1.688,1.688,0.301,0.86,0.0833,777
21147960200,21,1.418,1.418,0.34,0.48,0.727,473
06071009906,06,1.561,1.561,0.512,0.604,0.9063,256
08005007202,08,1.162,1.162,0.415,0.864,0.5334,548
56037970902,56,2.692,2.692,0.407,0.776,0.6785,823
26125144100,26,2.258,2.258,0.372,0.932,0.4551,1317
11001003000,11,1.281,1.281,0.302,0.776,0.0301,214
24033801802,24,1.112,1.112,0.391,0.8,0.4805,496
17197882900,17,1.035,1.035,0.491,0.784,0.6238,657
06013306002,06,1.161,1.161,0.476,0.804,0.6775,813
29075960100,29,1.841,1.841,0.392,0.64,0.4299,1225
17001010301,17,3.224,3.224,0.324,0.592,0.3505,1176
29029950202,29,1.15,1.15,0.434,0.752,0.5397,1073
31153010636,31,1.724,1.724,0.326,0.86,0.1155,1232
13107970102,13,1.736,1.736,0.406,0.592,0.7938,401
05041950100,05,1.034,1.034,0.349,0.736,0.497,1334
54065970702,54,1.357,1.357,0.528,0.532,0.8106,967
06019002800,06,1.445,1.445,0.478,0.772,0.6019,445
42003151600,42,1.494,1.494,0.3,0.684,0.0802,516
37081016010,37,1.762,1.762,0.445,0.748,0.8332,448
06019006900,06,1.471,1.471,0.483,0.8,0.5272,927
36005026500,36,1.464,1.464,0.316,0.576,0.0418,160
37169070302,37,1.086,1.086,0.488,0.68,0.6791,1427
51760060800,51,1.057,1.057,0.447,0.772,0.5693,973
12095016409,12,1.546,1.546,0.478,0.592,0.8949,387
25017322300,25,1.758,1.758,0.42,0.852,0.5351,939
51810046216,51,1.658,1.658,0.541,0.768,0.8779,386
53045960700,53,2.204,2.204,0.348,0.732,0.3773,857
11001002702,11,1.465,1.465,0.288,0.868,0.06,453
53025011101,53,1.143,1.143,0.553,0.764,0.7969,484
37119001509,37,1.401,1.401,0.395,0.792,0.696,869
32003005607,32,1.542,1.542,0.411,0.716,0.6814,471
48245005500,48,1.948,1.948,0.513,0.748,0.8284,228
06019001000,06,2.082,2.082,0.504,0.676,0.8049,292
30111001100,30,1.409,1.409,0.369,0.796,0.3813,1350
51041100812,51,1.62,1.62,0.515,0.764,0.7286,1150
15003009509,15,1.977,1.977,0.497,0.836,0.8941,183
06037183103,06,1.384,1.384,0.467,0.656,0.8949,199
34021002903,34,3.063,3.063,0.389,0.764,0.6761,973
42017100206,42,1.759,1.759,0.409,0.72,0.4769,919
26121002601,26,3.074,3.074,0.506,0.744,0.7961,535
17031804109,17,1.114,1.114,0.456,0.796,0.8036,458
48395960501,48,2.27,2.27,0.547,0.668,0.6749,627
35013001317,35,1.908,1.908,0.532,0.572,0.8699,467
17031815701,17,1.748,1.748,0.326,0.888,0.154,786
72075710500,72,1.405,1.405,0.462,0.72,0.8823,139
44007014000,44,1.4,1.4,0.421,0.852,0.4634,708
06073013420,06,1.112,1.112,0.321,0.848,0.6662,719
04013092309,04,1.718,1.718,0.455,0.86,0.6746,717
39095004401,39,1.578,1.578,0.389,0.708,0.7507,254
34003058100,34,1.322,1.322,0.512,0.696,0.8514,380
54025950702,54,1.79,1.79,0.372,0.744,0.8282,501
53033029004,53,1.128,1.128,0.349,0.956,0.4731,798
06073005201,06,1.515,1.515,0.319,0.788,0.1146,351
06001444304,06,1.216,1.216,0.35,0.928,0.3553,1470
26125153300,26,1.706,1.706,0.303,0.876,0.0783,810
06085509404,06,1.711,1.711,0.284,0.756,0.3336,1320
06065048700,06,2.087,2.087,0.433,0.704,0.4948,760
42129807800,42,1.782,1.782,0.557,0.764,0.8938,390
21111012104,21,1.359,1.359,0.489,0.644,0.7192,576
48201533200,48,1.02,1.02,0.395,0.864,0.3863,606
12071000503,12,8.739,8.739,0.45,0.744,0.7305,460
29095010204,29,1.859,1.859,0.469,0.628,0.7943,457
47091956200,47,2.065,2.065,0.394,0.784,0.7237,821
32003005869,32,1.516,1.516,0.28,0.788,0.2571,682
72127000900,72,1.453,1.453,0.378,0.7,0.6777,192
39133600703,39,1.887,1.887,0.481,0.6,0.6839,844
29189213702,29,1.868,1.868,0.366,0.908,0.4333,1156
31109001900,31,1.752,1.752,0.269,0.876,0.307,1278
12105011909,12,1.585,1.585,0.49,0.74,0.9351,338
06081602002,06,1.075,1.075,0.438,0.688,0.87,202
51660000207,51,1.484,1.484,0.377,0.744,0.559,1094
42071013703,42,1.452,1.452,0.463,0.78,0.6635,756
08041006302,08,1.403,1.403,0.362,0.876,0.3566,652
26125130700,26,1.703,1.703,0.509,0.752,0.6989,747
37047931201,37,1.371,1.371,0.441,0.864,0.6037,936
26049000800,26,1.68,1.68,0.311,0.752,0.0047,544
28159950300,28,1.363,1.363,0.434,0.712,0.6465,813
36093033101,36,2.129,2.129,0.505,0.716,0.7573,984
04019004034,04,1.057,1.057,0.362,0.796,0.5902,545
47011011301,47,1.995,1.995,0.465,0.764,0.6919,1391
17043842601,17,1.843,1.843,0.394,0.78,0.5019,860
17031828000,17,1.521,1.521,0.478,0.788,0.5548,568
05119004226,05,1.905,1.905,0.484,0.708,0.8654,653
55079016500,55,1.526,1.526,0.286,0.712,0.1074,835
06037134001,06,1.599,1.599,0.354,0.712,0.3116,297
04019004035,04,2.231,2.231,0.38,0.776,0.6875,568
26023951200,26,1.844,1.844,0.326,0.716,0.2935,955
24009860502,24,4.224,4.224,0.502,0.752,0.9304,919
48115950401,48,1.473,1.473,0.496,0.768,0.311,771
53035080800,53,1.175,1.175,0.387,0.756,0.5072,299
18055954800,18,1.361,1.361,0.43,0.7,0.5214,774
42101003600,42,1.198,1.198,0.377,0.844,0.3951,618
06037431002,06,1.344,1.344,0.436,0.76,0.7965,357
28029950101,28,1.952,1.952,0.497,0.668,0.9074,287
08041005112,08,1.356,1.356,0.305,0.68,0.3736,828
12063210500,12,2.144,2.144,0.456,0.764,0.4907,1226
09160310700,09,1.996,1.996,0.498,0.808,0.7405,1296
49035100306,49,2.341,2.341,0.302,0.832,0.3878,1102
23005001000,23,1.145,1.145,0.319,0.82,0.1043,373
21071920600,21,1.975,1.975,0.406,0.792,0.9039,338
34025808202,34,1.213,1.213,0.385,0.664,0.2298,220
22107000300,22,1.054,1.054,0.405,0.684,0.5568,781
44007011902,44,1.532,1.532,0.428,0.816,0.6677,642
04013319404,04,1.182,1.182,0.322,0.88,0.151,729
06067007106,06,1.436,1.436,0.417,0.608,0.6558,779
42043022901,42,1.947,1.947,0.42,0.752,0.6306,1142
06073008352,06,2.087,2.087,0.348,0.732,0.266,294
42003565200,42,1.395,1.395,0.398,0.9,0.5314,568
47157020101,47,1.472,1.472,0.526,0.672,0.7435,853
36063022717,36,3.63,3.63,0.482,0.776,0.7395,776
36117020500,36,1.725,1.725,0.493,0.66,0.7352,989
01101005403,01,1.114,1.114,0.418,0.856,0.5667,725
22017024206,22,1.651,1.651,0.415,0.836,0.8417,809
06045011502,06,1.579,1.579,0.3,0.804,0.3897,1384
21029020703,21,3.687,3.687,0.456,0.632,0.7673,900
47095960200,47,1.019,1.019,0.327,0.604,0.535,552
41039002800,41,2.205,2.205,0.394,0.868,0.6089,985
27147960700,27,1.804,1.804,0.5,0.684,0.8026,330
18167001400,18,1.978,1.978,0.405,0.836,0.4198,1182
32003003635,32,1.77,1.77,0.54,0.8,0.8866,221
06037601302,06,3.088,3.088,0.408,0.704,0.732,500
41051010102,41,1.644,1.644,0.472,0.832,0.7164,551
22033004203,22,1.538,1.538,0.491,0.748,0.7625,567
12053040907,12,1.516,1.516,0.51,0.776,0.801,281
12095017809,12,1.392,1.392,0.48,0.788,0.8515,329
18149953600,18,1.48,1.48,0.52,0.772,0.5219,1009
48201333000,48,2.023,2.023,0.36,0.764,0.4125,510
15003003504,15,1.313,1.313,0.277,0.78,0.2918,299
36081009900,36,1.764,1.764,0.321,0.752,0.3614,216
26093741602,26,1.205,1.205,0.359,0.84,0.2399,637
06037291110,06,1.946,1.946,0.414,0.728,0.8007,224
21111010313,21,1.797,1.797,0.428,0.86,0.4053,1289
12086006705,12,1.359,1.359,0.317,0.64,0.4647,166
39089753301,39,1.463,1.463,0.449,0.624,0.7734,512
33011002802,33,2.007,2.007,0.365,0.836,0.4242,1338
17031320400,17,1.41,1.41,0.269,0.82,0.2718,1090
17007010200,17,1.248,1.248,0.454,0.868,0.5591,925
24031700316,24,1.872,1.872,0.454,0.792,0.6308,581
42113960102,42,1.904,1.904,0.409,0.564,0.6735,594
55079006600,55,1.491,1.491,0.293,0.8,0.0497,717
13013180106,13,2.142,2.142,0.518,0.796,0.882,661
22071003307,22,1.816,1.816,0.397,0.856,0.1512,149
21195930201,21,1.302,1.302,0.394,0.844,0.5992,693
36085014607,36,1.282,1.282,0.27,0.836,0.1622,736
12086007610,12,1.271,1.271,0.351,0.796,0.3042,1190
42049002300,42,1.227,1.227,0.288,0.824,0.1755,697
23005002001,23,2.025,2.025,0.424,0.812,0.5349,603
17103000800,17,1.495,1.495,0.483,0.84,0.3955,1199
12011110360,12,1.746,1.746,0.385,0.776,0.3291,838
06065044904,06,1.918,1.918,0.487,0.676,0.6034,315
12071040310,12,1.103,1.103,0.462,0.872,0.4035,822
48215024004,48,3.114,3.114,0.493,0.66,0.8198,322
29161890302,29,1.867,1.867,0.484,0.64,0.7348,488
13121011618,13,1.85,1.85,0.408,0.672,0.4959,967
24005450501,24,1.083,1.083,0.399,0.756,0.6138,494
13143010201,13,1.873,1.873,0.522,0.708,0.7926,851
35031940301,35,1.987,1.987,0.526,0.732,0.934,205
19163011400,19,1.774,1.774,0.469,0.708,0.758,317
47009011202,47,1.398,1.398,0.377,0.808,0.5255,1227
24033800411,24,2.581,2.581,0.462,0.736,0.7166,1262
06013390200,06,1.452,1.452,0.454,0.6,0.8888,96
22105953901,22,2.123,2.123,0.516,0.604,0.8943,808
01031011203,01,1.437,1.437,0.502,0.656,0.7394,724
47037018203,47,1.727,1.727,0.479,0.864,0.8483,717
12057011107,12,1.868,1.868,0.459,0.724,0.7549,911
34023004300,34,1.482,1.482,0.522,0.62,0.8977,96
36103169903,36,1.447,1.447,0.402,0.692,0.5494,1053
34013020600,34,1.071,1.071,0.412,0.796,0.5469,955
48223950800,48,1.515,1.515,0.384,0.72,0.6402,804
13031110302,13,1.491,1.491,0.494,0.816,0.5309,1450
22089062700,22,1.407,1.407,0.467,0.732,0.5132,1496
27037060833,27,1.714,1.714,0.382,0.804,0.4191,1024
12037970302,12,1.459,1.459,0.448,0.744,0.6877,623
39061020404,39,1.804,1.804,0.484,0.804,0.842,860
22019000601,22,1.498,1.498,0.461,0.632,0.6105,437
04013116717,04,2.261,2.261,0.359,0.912,0.3973,452
48453036000,48,2.348,2.348,0.524,0.728,0.9254,503
51550020300,51,1.153,1.153,0.443,0.84,0.709,336
06013319002,06,1.928,1.928,0.517,0.7,0.8586,287
30049000701,30,1.487,1.487,0.505,0.88,0.6213,766
34003038300,34,1.209,1.209,0.421,0.692,0.4905,387
06037201602,06,1.762,1.762,0.423,0.612,0.7448,174
26163536900,26,2.176,2.176,0.332,0.66,0.3776,408
37195001301,37,1.813,1.813,0.464,0.668,0.8388,375
06085511502,06,1.577,1.577,0.473,0.88,0.8315,348
29087960200,29,1.645,1.645,0.412,0.7,0.5633,875
08035014109,08,1.638,1.638,0.429,0.616,0.6987,297
24031700210,24,1.924,1.924,0.429,0.852,0.5422,967
48201350604,48,1.478,1.478,0.402,0.732,0.2145,382
39153530402,39,1.376,1.376,0.362,0.736,0.6048,532
06055201602,06,1.633,1.633,0.513,0.788,0.802,572
39035127501,39,1.194,1.194,0.319,0.94,0.07,833
36061015102,36,1.816,1.816,0.263,0.604,0.1455,343
12095017006,12,1.717,1.717,0.372,0.8,0.48,757
26163583500,26,1.301,1.301,0.333,0.74,0.0488,464
01097007300,01,1.955,1.955,0.532,0.556,0.7224,1329
17031842500,17,1.383,1.383,0.282,0.856,0.3843,756
49035113512,49,2.726,2.726,0.269,0.94,0.5753,1252
15009031001,15,1.891,1.891,0.518,0.796,0.8416,549
37097060602,37,1.624,1.624,0.505,0.784,0.8974,573
47157021757,47,1.511,1.511,0.355,0.744,0.2393,475
05115951601,05,2.138,2.138,0.505,0.852,0.6646,754
28061950102,28,2.478,2.478,0.325,0.588,0.781,462
06111007405,06,1.275,1.275,0.426,0.812,0.5967,816
26163556800,26,1.833,1.833,0.351,0.832,0.5383,962
42003520001,42,1.394,1.394,0.385,0.8,0.471,574
06099003908,06,1.347,1.347,0.346,0.892,0.3023,562
13121011657,13,1.271,1.271,0.458,0.868,0.7183,322
36047027200,36,1.808,1.808,0.275,0.58,0.0047,106
30029000903,30,1.367,1.367,0.429,0.836,0.4315,1029
23025966601,23,1.545,1.545,0.433,0.76,0.6034,520
48039662700,48,4.34,4.34,0.479,0.74,0.5747,1408
25025000603,25,1.081,1.081,0.258,0.852,0.2017,472
05055480700,05,1.67,1.67,0.517,0.6,0.7978,447
18141000800,18,1.614,1.614,0.26,0.892,0.4708,1423
25005630201,25,3.133,3.133,0.523,0.704,0.8902,467
17031610300,17,1.31,1.31,0.337,0.832,0.1683,947
36061002902,36,1.607,1.607,0.236,0.824,0.0493,273
51550020200,51,1.722,1.722,0.506,0.672,0.8529,353
06013360101,06,2.127,2.127,0.498,0.756,0.8461,512
72113071401,72,1.764,1.764,0.448,0.672,0.8577,126
12013010302,12,1.757,1.757,0.48,0.544,0.8123,435
17051950900,17,1.251,1.251,0.553,0.656,0.7826,337
22051026200,22,1.267,1.267,0.524,0.644,0.8729,203
26161416000,26,2.348,2.348,0.411,0.572,0.7042,639
24037875903,24,1.822,1.822,0.395,0.852,0.6845,418
42101036302,42,1.384,1.384,0.451,0.688,0.9084,85
42101036202,42,1.178,1.178,0.494,0.604,0.8032,223
40051000400,40,1.076,1.076,0.551,0.78,0.5264,625
32031002620,32,1.833,1.833,0.43,0.86,0.5654,741
06065043220,06,1.1,1.1,0.346,0.864,0.5105,755
06085510801,06,1.826,1.826,0.372,0.868,0.4855,845
06055200705,06,3.352,3.352,0.494,0.72,0.9359,285
06073019902,06,2.656,2.656,0.423,0.756,0.6653,823
32031003508,32,1.112,1.112,0.36,0.804,0.294,1356
30111940001,30,2.052,2.052,0.34,0.576,0.4488,1406
48265960200,48,1.418,1.418,0.412,0.792,0.4281,664
33015069300,33,3.0,3.0,0.34,0.664,0.4409,925
01093964702,01,1.542,1.542,0.473,0.844,0.6657,851
13089021308,13,1.381,1.381,0.384,0.924,0.5086,726
45031011000,45,1.409,1.409,0.449,0.704,0.8441,443
34013007700,34,1.295,1.295,0.326,0.66,0.1055,130
48121021739,48,1.801,1.801,0.363,0.82,0.4857,488
37195000401,37,2.152,2.152,0.432,0.82,0.7114,811
23005017002,23,1.752,1.752,0.476,0.828,0.6864,1233
37019020406,37,1.472,1.472,0.469,0.752,0.9063,350
12101033006,12,2.473,2.473,0.491,0.676,0.8658,418
06071003102,06,1.85,1.85,0.321,0.788,0.3602,940
16017950702,16,1.461,1.461,0.431,0.66,0.8026,749
12071030205,12,1.373,1.373,0.511,0.872,0.7531,744
17099961900,17,1.593,1.593,0.479,0.72,0.6224,678
47157001100,47,1.386,1.386,0.404,0.556,0.5454,283
20091980005,20,1.789,1.789,0.39,0.632,0.513,592
47093005903,47,2.042,2.042,0.439,0.788,0.8297,856
18141011603,18,2.396,2.396,0.504,0.772,0.7841,670
51510200108,51,1.072,1.072,0.345,0.672,0.8564,134
39061021504,39,1.948,1.948,0.433,0.624,0.6517,799
48113018205,48,1.532,1.532,0.395,0.772,0.4835,441
17031820000,17,2.062,2.062,0.418,0.732,0.6508,402
22033000601,22,1.746,1.746,0.508,0.772,0.9161,186
42003512000,42,2.054,2.054,0.489,0.688,0.911,183
39117965401,39,1.405,1.405,0.519,0.832,0.686,1311
21067004205,21,2.102,2.102,0.321,0.748,0.1142,946
17089853602,17,1.705,1.705,0.302,0.844,0.036,579
48201550202,48,1.118,1.118,0.459,0.568,0.8704,154
45015020724,45,2.303,2.303,0.362,0.736,0.6498,888
04025000611,04,1.104,1.104,0.444,0.696,0.9182,93
40083600300,40,1.909,1.909,0.406,0.832,0.5864,1244
37019020316,37,1.175,1.175,0.422,0.752,0.7701,397
12103022802,12,1.033,1.033,0.494,0.748,0.7094,274
20209040100,20,1.694,1.694,0.533,0.704,0.8783,230
12127091017,12,2.454,2.454,0.533,0.604,0.8434,242
42003561400,42,1.963,1.963,0.495,0.732,0.8443,292
36035970800,36,2.564,2.564,0.356,0.796,0.3064,783
01097003410,01,1.623,1.623,0.494,0.76,0.8789,710
08031003006,08,1.703,1.703,0.294,0.844,0.0297,969
39093080600,39,1.157,1.157,0.44,0.684,0.6555,1002
55031020400,55,2.141,2.141,0.374,0.772,0.3349,1366
21111012108,21,1.04,1.04,0.36,0.68,0.7593,307
36081022002,36,1.724,1.724,0.297,0.604,0.0072,253
37183052102,37,1.272,1.272,0.397,0.728,0.6579,785
39035116700,39,1.141,1.141,0.307,0.824,0.0446,370
06057000300,06,1.453,1.453,0.519,0.712,0.7944,1029
48215020727,48,1.865,1.865,0.528,0.78,0.8883,310
21029020501,21,1.679,1.679,0.454,0.636,0.9515,190
42003563300,42,2.24,2.24,0.515,0.676,0.702,1291
51760071100,51,1.382,1.382,0.441,0.724,0.6606,694
05103950102,05,1.665,1.665,0.367,0.704,0.4365,839
19153010707,19,6.249,6.249,0.399,0.868,0.508,1396
37077970604,37,2.112,2.112,0.506,0.784,0.8433,1230
25023506104,25,2.509,2.509,0.547,0.728,0.7327,1042
48051970201,48,3.264,3.264,0.347,0.824,0.4926,1179
12059960402,12,2.25,2.25,0.428,0.724,0.5509,874
18141010300,18,1.363,1.363,0.494,0.86,0.5959,749
36071014201,36,1.732,1.732,0.541,0.804,0.8549,519
06047000601,06,1.839,1.839,0.498,0.748,0.8242,404
41051002502,41,1.077,1.077,0.364,0.78,0.3443,626
18039002102,18,3.474,3.474,0.444,0.844,0.5241,809
31055006506,31,1.656,1.656,0.388,0.836,0.3781,610
13191110202,13,1.803,1.803,0.495,0.772,0.9074,426
08001008549,08,1.772,1.772,0.474,0.724,0.8808,223
40109109003,40,2.219,2.219,0.493,0.64,0.6549,1354
36061000800,36,1.025,1.025,0.258,0.756,0.0701,353
48113012702,48,1.054,1.054,0.371,0.784,0.5527,348
06079010403,06,1.222,1.222,0.541,0.86,0.335,547
15003005601,15,1.176,1.176,0.382,0.696,0.9671,59
06029003219,06,1.989,1.989,0.58,0.736,0.8912,248
06087110506,06,2.092,2.092,0.317,0.792,0.3001,432
48201531500,48,1.142,1.142,0.378,0.82,0.4523,692
22055001908,22,1.849,1.849,0.449,0.836,0.6909,558
55105001201,55,2.247,2.247,0.481,0.74,0.6137,1153
06073009201,06,1.937,1.937,0.448,0.676,0.6896,399
01121011800,01,1.437,1.437,0.43,0.856,0.4175,632
21199930101,21,1.378,1.378,0.343,0.484,0.6134,554
48085031903,48,1.837,1.837,0.343,0.856,0.2186,765
13121010220,13,1.177,1.177,0.39,0.856,0.5045,1223
12071010501,12,1.788,1.788,0.412,0.816,0.69,451
17141961400,17,1.356,1.356,0.542,0.636,0.7739,522
06071011206,06,1.732,1.732,0.508,0.856,0.7905,778
06113010509,06,1.404,1.404,0.421,0.588,0.9093,255
06001410000,06,4.048,4.048,0.457,0.656,0.7144,562
29097010302,29,1.37,1.37,0.472,0.844,0.6805,802
48201553300,48,1.226,1.226,0.404,0.9,0.5105,592
13121009203,13,1.735,1.735,0.327,0.86,0.4204,701
26163576001,26,1.89,1.89,0.307,0.896,0.0156,505
12086012102,12,1.327,1.327,0.412,0.712,0.863,144
48055960400,48,1.189,1.189,0.413,0.664,0.4353,1104
49035113541,49,1.162,1.162,0.318,0.784,0.0469,276
37119006306,37,1.889,1.889,0.421,0.688,0.6044,1107
51059491101,51,1.774,1.774,0.497,0.788,0.8336,584
27053026202,27,1.258,1.258,0.502,0.82,0.7958,555
45051060101,45,1.392,1.392,0.422,0.692,0.7648,829
06037219300,06,1.055,1.055,0.387,0.72,0.5163,270
18113971900,18,1.29,1.29,0.478,0.68,0.5864,1310
39049006100,39,1.347,1.347,0.302,0.88,0.0789,1103
11001007408,11,1.346,1.346,0.314,0.636,0.4705,277
13121007200,13,1.212,1.212,0.444,0.768,0.6489,975
36055002300,36,3.332,3.332,0.334,0.808,0.365,512
42091203303,42,1.506,1.506,0.412,0.84,0.5359,1072
42013010103,42,1.72,1.72,0.481,0.82,0.6852,373
48029131614,48,1.9,1.9,0.44,0.748,0.8393,349
26145011001,26,1.456,1.456,0.425,0.752,0.6504,345
12057011411,12,1.747,1.747,0.453,0.628,0.7645,193
39139001300,39,1.815,1.815,0.444,0.732,0.641,331
04019004623,04,1.048,1.048,0.479,0.836,0.7675,859
47151975200,47,1.141,1.141,0.41,0.792,0.6532,1030
18097342500,18,1.609,1.609,0.427,0.828,0.5463,805
36047118600,36,1.264,1.264,0.267,0.616,0.0021,131
15003006815,15,1.393,1.393,0.267,0.688,0.8205,120
40121486000,40,1.684,1.684,0.441,0.604,0.5674,1090
08005006100,08,1.902,1.902,0.392,0.74,0.4547,394
45079011606,45,1.509,1.509,0.526,0.792,0.8056,543
06075026302,06,1.86,1.86,0.397,0.756,0.5127,272
18003003800,18,1.046,1.046,0.412,0.764,0.6376,594
48423001701,48,1.356,1.356,0.462,0.784,0.5979,937
12031011500,12,1.885,1.885,0.326,0.92,0.13,1241
37183051501,37,1.498,1.498,0.412,0.672,0.5974,632
26111290901,26,1.369,1.369,0.359,0.72,0.5087,660
48013960203,48,1.779,1.779,0.539,0.692,0.7286,921
21141960600,21,1.099,1.099,0.405,0.596,0.5566,1447
06081600800,06,1.448,1.448,0.3,0.748,0.1335,394
34023008606,34,1.659,1.659,0.37,0.696,0.6515,288
27123041400,27,0.995,0.995,0.413,0.904,0.4881,874
17121952100,17,1.344,1.344,0.502,0.768,0.6564,691
37019020205,37,1.58,1.58,0.484,0.816,0.5447,1167
06037132001,06,1.925,1.925,0.362,0.748,0.3443,246
06001442602,06,1.413,1.413,0.424,0.544,0.7972,288
15003008801,15,1.57,1.57,0.448,0.664,0.9251,92
40031000504,40,1.039,1.039,0.438,0.704,0.5706,351
45029970200,45,1.915,1.915,0.304,0.832,0.4421,555
36047100600,36,1.224,1.224,0.287,0.512,0.0051,114
31109003605,31,1.199,1.199,0.372,0.784,0.4413,1027
48201232203,48,1.653,1.653,0.45,0.784,0.543,612
37151030400,37,1.929,1.929,0.467,0.732,0.7858,1148
13117130511,13,1.745,1.745,0.385,0.756,0.5627,1093
06037272201,06,1.537,1.537,0.297,0.728,0.0245,277
36053030401,36,1.743,1.743,0.499,0.816,0.7273,521
33017081200,33,1.025,1.025,0.435,0.864,0.5508,1431
44007010101,44,1.272,1.272,0.489,0.792,0.6751,574
12017451603,12,1.41,1.41,0.527,0.828,0.9426,330
48375014100,48,1.207,1.207,0.412,0.64,0.3864,429
13073030308,13,2.261,2.261,0.487,0.592,0.7023,844
06085510500,06,1.698,1.698,0.375,0.816,0.4123,821
36081071100,36,1.04,1.04,0.267,0.732,0.0661,422
38015010400,38,1.33,1.33,0.35,0.844,0.3401,1024
42101036203,42,1.364,1.364,0.438,0.668,0.6016,256
36081059800,36,1.532,1.532,0.302,0.608,0.0355,137
51161030803,51,1.23,1.23,0.42,0.82,0.5901,785
36015011101,36,2.325,2.325,0.517,0.684,0.9104,254
34023002902,34,1.384,1.384,0.343,0.812,0.5354,535
39093010200,39,1.14,1.14,0.336,0.888,0.1959,1205
26099226102,26,2.549,2.549,0.514,0.576,0.8788,499
39095006600,39,1.549,1.549,0.398,0.76,0.4848,603
12057011708,12,1.519,1.519,0.417,0.68,0.6565,344
04013092306,04,1.792,1.792,0.467,0.82,0.68,598
51059481500,51,1.451,1.451,0.532,0.86,0.843,634
06001406900,06,1.359,1.359,0.458,0.684,0.8645,295
21111004302,21,1.19,1.19,0.417,0.832,0.7703,289
48029141200,48,1.05,1.05,0.434,0.912,0.4085,613
37035011801,37,2.406,2.406,0.551,0.788,0.8729,1401
06067007013,06,1.826,1.826,0.445,0.592,0.8708,121
31117957900,31,1.769,1.769,0.314,0.748,0.6508,662
47113001610,47,1.88,1.88,0.526,0.6,0.7927,887
53073001202,53,1.37,1.37,0.466,0.64,0.5165,1410
06001432601,06,1.587,1.587,0.326,0.888,0.2557,781
17043841707,17,9.675,9.675,0.425,0.908,0.6168,441
42011011101,42,1.641,1.641,0.407,0.94,0.4573,1455
06013338301,06,1.639,1.639,0.41,0.748,0.4728,517
06019004704,06,1.5,1.5,0.466,0.664,0.7715,254
29109470601,29,1.777,1.777,0.576,0.888,0.5269,805
28091950400,28,1.486,1.486,0.498,0.86,0.4763,1010
12031002600,12,2.249,2.249,0.391,0.864,0.4208,1346
06007002000,06,2.463,2.463,0.57,0.784,0.8828,559
53053940001,53,1.348,1.348,0.472,0.756,0.8766,525
32031002215,32,1.379,1.379,0.395,0.884,0.3601,678
12101030303,12,1.618,1.618,0.486,0.768,0.8708,292
32031980100,32,1.775,1.775,0.476,0.668,0.703,561
21195931400,21,1.576,1.576,0.453,0.708,0.9198,372
48061012003,48,1.381,1.381,0.394,0.948,0.4043,1223
13153021206,13,1.407,1.407,0.391,0.8,0.5292,781
10001042205,10,1.852,1.852,0.514,0.672,0.8153,573
26163547100,26,2.239,2.239,0.342,0.828,0.301,863
36047029400,36,1.192,1.192,0.298,0.6,0.1781,175
48215024211,48,1.627,1.627,0.452,0.492,0.9009,248
37063001303,37,1.241,1.241,0.351,0.636,0.1912,667
16027020403,16,2.413,2.413,0.499,0.744,0.7796,649
06037531202,06,1.204,1.204,0.338,0.692,0.4904,253
23019006200,23,2.07,2.07,0.412,0.704,0.3899,812
47157020901,47,1.602,1.602,0.517,0.708,0.7901,660
49049010506,49,1.662,1.662,0.467,0.784,0.7574,408
72031050811,72,1.705,1.705,0.437,0.652,0.794,234
12117021506,12,1.984,1.984,0.45,0.6,0.7748,672
51087200202,51,1.216,1.216,0.501,0.756,0.7639,481
06065042741,06,1.749,1.749,0.492,0.608,0.8239,216
39143961700,39,3.184,3.184,0.531,0.564,0.7603,549
21141960200,21,1.719,1.719,0.35,0.664,0.6388,962
29029951102,29,2.371,2.371,0.499,0.688,0.7821,819
39061008400,39,3.465,3.465,0.49,0.732,0.9042,226
17043840102,17,1.587,1.587,0.355,0.8,0.399,663
08123002206,08,2.293,2.293,0.436,0.788,0.5688,631
36045061802,36,1.6,1.6,0.45,0.7,0.832,377
55109120501,55,1.718,1.718,0.467,0.664,0.5009,1187
12005000700,12,1.272,1.272,0.402,0.836,0.5346,938
42017105011,42,1.182,1.182,0.514,0.772,0.9209,274
36055011506,36,1.749,1.749,0.495,0.788,0.7344,710
37119005857,37,1.338,1.338,0.404,0.7,0.65,387
32031002612,32,1.134,1.134,0.502,0.796,0.6541,717
40143007643,40,1.29,1.29,0.344,0.74,0.519,425
06037124300,06,1.377,1.377,0.435,0.808,0.8001,283
45051030104,45,1.711,1.711,0.469,0.828,0.5611,1147
53009002002,53,2.046,2.046,0.552,0.524,0.9022,840
06109002102,06,1.521,1.521,0.3,0.76,0.1433,1132
06071002312,06,2.073,2.073,0.338,0.708,0.4254,1072
53061052903,53,1.996,1.996,0.354,0.86,0.3597,1392
29189220443,29,1.269,1.269,0.47,0.704,0.9299,366
12031014427,12,1.815,1.815,0.407,0.752,0.7103,298
18089042704,18,1.595,1.595,0.442,0.808,0.4793,1185
42077006902,42,1.344,1.344,0.363,0.912,0.3752,798
49041975100,49,2.348,2.348,0.405,0.584,0.4713,897
72153750502,72,2.322,2.322,0.503,0.74,0.9579,146
45063021051,45,3.455,3.455,0.448,0.78,0.6824,701
12086001208,12,1.177,1.177,0.357,0.72,0.6173,323
37119004700,37,2.176,2.176,0.257,0.888,0.3919,1417
35061970302,35,1.514,1.514,0.444,0.704,0.5723,950
21219950200,21,1.335,1.335,0.347,0.744,0.4833,1315
41051007500,41,1.698,1.698,0.476,0.876,0.7712,540
27053125900,27,2.648,2.648,0.297,0.676,0.0864,884
27121970200,27,1.769,1.769,0.412,0.816,0.5256,844
42003458002,42,1.979,1.979,0.5,0.724,0.8257,810
26099230502,26,1.275,1.275,0.368,0.912,0.4881,1203
48085031328,48,1.632,1.632,0.357,0.892,0.1705,419
29510105500,29,1.451,1.451,0.357,0.808,0.5377,398
35045000707,35,1.797,1.797,0.463,0.776,0.7527,623
39035178205,39,1.434,1.434,0.304,0.72,0.1266,535
13089021821,13,1.895,1.895,0.461,0.712,0.8346,497
36103146800,36,2.168,2.168,0.391,0.736,0.509,528
04013421001,04,1.928,1.928,0.349,0.832,0.403,568
06081604600,06,1.743,1.743,0.502,0.692,0.9182,133
37151031602,37,2.172,2.172,0.457,0.712,0.7665,412
34013018200,34,1.588,1.588,0.381,0.636,0.8125,222
06073000600,06,1.466,1.466,0.324,0.716,0.2295,505
34035050400,34,1.841,1.841,0.333,0.876,0.2995,822
08031015300,08,1.947,1.947,0.288,0.856,0.5068,874
48455950200,48,1.063,1.063,0.393,0.672,0.4484,1153
34007607506,34,1.481,1.481,0.385,0.728,0.7426,344
12019030802,12,1.587,1.587,0.455,0.816,0.5177,1190
24031701315,24,1.722,1.722,0.374,0.72,0.5911,702
04023966108,04,1.803,1.803,0.536,0.836,0.7948,1021
32003005363,32,1.128,1.128,0.407,0.728,0.6071,351
37119006407,37,1.347,1.347,0.451,0.804,0.6953,915
06107001006,06,1.618,1.618,0.469,0.764,0.6727,908
19033950402,19,1.202,1.202,0.567,0.832,0.5572,476
06029001803,06,1.678,1.678,0.45,0.584,0.8236,216
48061014102,48,2.16,2.16,0.458,0.64,0.9008,216
36047053900,36,1.398,1.398,0.279,0.624,0.0443,128
24003730511,24,2.101,2.101,0.318,0.64,0.321,220
28111950101,28,1.337,1.337,0.384,0.684,0.574,1282
48439100602,48,1.985,1.985,0.406,0.592,0.8951,137
48113001601,48,1.067,1.067,0.293,0.88,0.2638,684
19045000400,19,1.691,1.691,0.462,0.84,0.4909,989
36055009404,36,1.625,1.625,0.303,0.684,0.2814,535
24510271600,24,1.205,1.205,0.411,0.86,0.6232,380
06073019405,06,1.249,1.249,0.455,0.836,0.8085,339
12015030202,12,2.301,2.301,0.506,0.62,0.6086,339
24019970400,24,1.377,1.377,0.415,0.872,0.4874,1068
24017850712,24,1.583,1.583,0.501,0.736,0.8423,1063
36085020100,36,1.19,1.19,0.275,0.82,0.0862,638
26081011804,26,1.306,1.306,0.439,0.792,0.5738,1201
06075026100,06,1.545,1.545,0.304,0.716,0.0967,546
48113009610,48,1.355,1.355,0.379,0.856,0.4539,601
51191010102,51,1.895,1.895,0.532,0.712,0.8145,1101
25005650202,25,1.423,1.423,0.409,0.688,0.5785,412
47093005602,47,1.544,1.544,0.502,0.732,0.7773,1009
21195930800,21,2.149,2.149,0.394,0.72,0.8893,345
47025970800,47,1.77,1.77,0.399,0.664,0.7444,651
40031002004,40,1.831,1.831,0.516,0.708,0.6981,657
39095007209,39,1.096,1.096,0.383,0.812,0.598,585
72127980200,72,1.45,1.45,0.355,0.712,0.8105,62
15003006000,15,1.365,1.365,0.388,0.836,0.5805,337
34021002602,34,1.294,1.294,0.41,0.956,0.4255,497
13045910502,13,2.535,2.535,0.409,0.824,0.5856,759
42079214400,42,1.605,1.605,0.532,0.632,0.8306,185
21157950400,21,1.428,1.428,0.473,0.856,0.6636,810
01073010802,01,1.55,1.55,0.466,0.872,0.6263,1022
06037542900,06,1.14,1.14,0.462,0.6,0.8884,112
36059303500,36,1.554,1.554,0.448,0.736,0.7492,354
36111953000,36,1.17,1.17,0.467,0.66,0.7225,1277
06037408623,06,1.824,1.824,0.399,0.7,0.6906,228
21195930700,21,1.884,1.884,0.379,0.704,0.9424,169
17163501300,17,1.831,1.831,0.515,0.828,0.7634,436
06111007609,06,1.542,1.542,0.444,0.644,0.8348,236
39049004302,39,1.459,1.459,0.428,0.84,0.6571,519
17031807200,17,1.363,1.363,0.459,0.8,0.5542,637
17031140302,17,1.244,1.244,0.303,0.732,0.0117,384
06037218702,06,2.131,2.131,0.409,0.696,0.8488,140
12073002207,12,2.156,2.156,0.426,0.908,0.5719,677
36119011300,36,1.125,1.125,0.43,0.784,0.6597,1292
55021971100,55,1.719,1.719,0.409,0.756,0.5368,1457
42017100600,42,2.604,2.604,0.406,0.752,0.7237,383
12073002101,12,1.558,1.558,0.46,0.652,0.7895,404
37181960800,37,1.616,1.616,0.5,0.716,0.7139,496
48201312400,48,1.43,1.43,0.398,0.82,0.3587,492
27007450400,27,1.977,1.977,0.333,0.716,0.5737,1165
12039020702,12,2.037,2.037,0.503,0.708,0.692,915
39099801600,39,1.055,1.055,0.283,0.868,0.2026,1252
39095007004,39,1.56,1.56,0.495,0.676,0.9036,137
12009069700,12,30.597,30.597,0.367,0.708,0.5073,588
13067030409,13,1.616,1.616,0.512,0.628,0.915,450
12099005951,12,2.945,2.945,0.425,0.792,0.7633,361
23019027000,23,2.656,2.656,0.418,0.776,0.7063,1020
42071010602,42,1.071,1.071,0.467,0.86,0.5535,1305
27053011703,27,2.478,2.478,0.306,0.796,0.0818,1237
34003011400,34,1.365,1.365,0.473,0.8,0.8558,457
26163573501,26,1.202,1.202,0.379,0.776,0.4289,754
01093964001,01,1.75,1.75,0.455,0.784,0.5538,919
12099000405,12,1.731,1.731,0.429,0.712,0.7673,351
12073002507,12,1.887,1.887,0.456,0.664,0.8151,437
12103022601,12,1.579,1.579,0.519,0.764,0.6447,299
48181000800,48,1.095,1.095,0.503,0.88,0.5842,989
55059001401,55,1.191,1.191,0.382,0.74,0.4443,386
42003320600,42,1.69,1.69,0.435,0.68,0.7819,233
48381020900,48,2.728,2.728,0.383,0.828,0.392,687
53011041900,53,1.272,1.272,0.382,0.776,0.4775,621
06111007607,06,1.724,1.724,0.504,0.68,0.7791,520
47037019501,47,1.367,1.367,0.271,0.9,0.2075,1408
36005021601,36,1.168,1.168,0.299,0.644,0.0168,158
42049000400,42,1.729,1.729,0.311,0.792,0.3692,1245
17119401721,17,1.542,1.542,0.37,0.92,0.4806,1310
06075021500,06,1.258,1.258,0.331,0.692,0.0105,251
06037127605,06,2.353,2.353,0.386,0.696,0.6952,224
41051006300,41,1.588,1.588,0.496,0.804,0.6514,1074
55085970101,55,1.977,1.977,0.428,0.676,0.8525,1016
47157003200,47,1.034,1.034,0.344,0.9,0.3675,901
72105520100,72,1.757,1.757,0.532,0.72,0.9047,458
06059076104,06,1.207,1.207,0.343,0.856,0.243,931
36047016200,36,1.645,1.645,0.297,0.812,0.0592,190
06107000501,06,1.808,1.808,0.461,0.844,0.4483,684
26099258000,26,2.035,2.035,0.298,0.872,0.1313,658
32031003109,32,1.36,1.36,0.409,0.792,0.4997,465
13233010400,13,1.647,1.647,0.472,0.52,0.6305,1255
24033800704,24,1.946,1.946,0.527,0.672,0.8644,522
53033007902,53,1.06,1.06,0.278,0.824,0.0401,503
48113014704,48,1.293,1.293,0.361,0.756,0.4353,671
42101006700,42,1.453,1.453,0.329,0.9,0.3205,571
06037183104,06,1.723,1.723,0.428,0.756,0.95,105
13013180303,13,1.468,1.468,0.524,0.724,0.7581,1078
37103920300,37,2.12,2.12,0.265,0.852,0.3794,988
20155000300,20,1.566,1.566,0.501,0.736,0.6144,612
24031700837,24,1.08,1.08,0.283,0.868,0.385,1193
24510270302,24,2.836,2.836,0.414,0.696,0.6445,154
36081066401,36,1.68,1.68,0.345,0.708,0.4668,204
12103020302,12,1.521,1.521,0.373,0.764,0.5376,544
42107000800,42,2.129,2.129,0.543,0.564,0.664,295
01097004100,01,1.201,1.201,0.444,0.6,0.8057,169
54019021100,54,2.195,2.195,0.349,0.78,0.6452,866
34005704015,34,1.835,1.835,0.534,0.844,0.9191,225
36103158009,36,2.458,2.458,0.515,0.624,0.9234,203
53061052809,53,2.122,2.122,0.483,0.78,0.8502,295
55101980000,55,1.166,1.166,0.385,0.768,0.6109,353
22051027813,22,1.479,1.479,0.456,0.768,0.8022,214
36121970800,36,1.61,1.61,0.386,0.716,0.7531,600
17113000301,17,1.217,1.217,0.338,0.928,0.2209,835
36081015400,36,1.739,1.739,0.278,0.628,0.0063,185
12011061100,12,3.144,3.144,0.305,0.744,0.2006,1006
48113013725,48,5.625,5.625,0.405,0.912,0.605,695
06075020202,06,1.92,1.92,0.258,0.828,0.0311,268
12095016809,12,1.227,1.227,0.381,0.716,0.1817,560
42017106000,42,1.982,1.982,0.566,0.796,0.901,374
42007601600,42,1.666,1.666,0.503,0.736,0.9201,192
13159010501,13,1.78,1.78,0.463,0.812,0.7498,948
47155080901,47,2.158,2.158,0.485,0.808,0.8687,1490
48085031643,48,1.235,1.235,0.383,0.88,0.4651,760
06073002100,06,1.333,1.333,0.329,0.768,0.0741,645
04019004722,04,3.104,3.104,0.47,0.82,0.8275,782
06071010436,06,1.308,1.308,0.463,0.868,0.3141,993
26125196000,26,1.255,1.255,0.342,0.94,0.1213,1461
37183054020,37,1.531,1.531,0.325,0.864,0.1933,1318
06019001415,06,2.386,2.386,0.507,0.672,0.8027,344
45007010405,45,2.074,2.074,0.526,0.716,0.7679,945
51053840400,51,2.149,2.149,0.46,0.564,0.8333,357
04013420214,04,1.236,1.236,0.444,0.82,0.5954,774
51059482604,51,8.569,8.569,0.389,0.66,0.6584,683
18029080302,18,1.203,1.203,0.433,0.716,0.6197,800
48245011800,48,2.161,2.161,0.547,0.664,0.3852,432
72127003600,72,2.398,2.398,0.25,0.676,0.0158,302
26099263700,26,1.624,1.624,0.355,0.668,0.3138,694
29183311733,29,1.53,1.53,0.404,0.776,0.5368,473
36005036700,36,1.168,1.168,0.294,0.724,0.0061,99
12011060504,12,2.569,2.569,0.464,0.796,0.8194,354
27095970200,27,2.572,2.572,0.466,0.656,0.4718,1355
21111011007,21,3.015,3.015,0.434,0.8,0.7752,821
01097002502,01,1.649,1.649,0.324,0.796,0.3539,976
06037533204,06,1.451,1.451,0.359,0.712,0.5461,373
08005085600,08,2.005,2.005,0.275,0.808,0.0277,612
55027962000,55,1.872,1.872,0.507,0.696,0.9115,193
27137003600,27,1.95,1.95,0.486,0.624,0.8261,353
06075042800,06,1.126,1.126,0.364,0.828,0.0662,278
06075980401,06,1.371,1.371,0.271,0.576,0.738,20
39101000700,39,1.247,1.247,0.436,0.812,0.6355,288
48479001827,48,2.061,2.061,0.402,0.56,0.8987,159
39035114800,39,1.521,1.521,0.314,0.876,0.1994,628
05115951000,05,3.719,3.719,0.338,0.632,0.6779,924
51059482301,51,1.508,1.508,0.347,0.876,0.5269,1203
39035183300,39,1.034,1.034,0.314,0.836,0.1267,1213
45041000501,45,2.196,2.196,0.398,0.52,0.6262,548
39157021000,39,2.326,2.326,0.499,0.712,0.7189,1120
36091062503,36,1.869,1.869,0.54,0.716,0.8405,566
01019955802,01,1.997,1.997,0.452,0.576,0.6659,929
54049021400,54,1.894,1.894,0.436,0.668,0.9066,297
06111003614,06,1.244,1.244,0.468,0.74,0.8201,305
72009250300,72,1.954,1.954,0.518,0.66,0.9388,153
08059010801,08,1.401,1.401,0.419,0.72,0.617,506
36085017007,36,1.177,1.177,0.32,0.708,0.4796,493
34033021500,34,1.634,1.634,0.489,0.656,0.856,481
17201000516,17,1.707,1.707,0.5,0.8,0.8233,464
72069180800,72,1.942,1.942,0.508,0.684,0.8955,614
06073020043,06,1.152,1.152,0.354,0.78,0.3035,783
06037542501,06,9.064,9.064,0.458,0.728,0.9193,137
53011040811,53,2.465,2.465,0.536,0.728,0.9201,547
37045950400,37,2.153,2.153,0.518,0.596,0.6585,1353
06075026001,06,1.206,1.206,0.314,0.632,0.0037,217
47079969100,47,1.767,1.767,0.324,0.824,0.58,369
26125140101,26,2.147,2.147,0.418,0.708,0.6613,719
34037374400,34,1.937,1.937,0.549,0.796,0.9083,447
56037971000,56,1.311,1.311,0.418,0.708,0.856,387
37155961100,37,1.498,1.498,0.536,0.752,0.8051,257
01073012805,01,1.371,1.371,0.36,0.776,0.4189,563
37023020202,37,1.703,1.703,0.524,0.74,0.6427,1142
06107003503,06,1.979,1.979,0.555,0.748,0.8882,251
06099001200,06,1.169,1.169,0.387,0.852,0.4568,667
36103190713,36,2.331,2.331,0.523,0.74,0.7952,1381
06037670701,06,1.715,1.715,0.454,0.76,0.7433,445
06037125310,06,1.083,1.083,0.369,0.752,0.5481,533
45079010407,45,2.647,2.647,0.401,0.816,0.5738,545
55079001000,55,2.066,2.066,0.319,0.8,0.1413,771
34037372600,34,1.287,1.287,0.497,0.84,0.7039,938
48459950501,48,1.653,1.653,0.401,0.724,0.6461,890
53063000700,53,1.553,1.553,0.473,0.752,0.3837,395
06073020813,06,1.895,1.895,0.542,0.736,0.73,1262
26163536100,26,1.465,1.465,0.389,0.888,0.335,480
55087011700,55,2.482,2.482,0.45,0.532,0.5814,369
47189030207,47,1.741,1.741,0.504,0.808,0.7562,1020
49035113025,49,1.313,1.313,0.299,0.904,0.3187,1372
55025011507,55,2.571,2.571,0.488,0.764,0.7326,514
53033032322,53,1.551,1.551,0.433,0.768,0.7105,779
40143006902,40,1.131,1.131,0.364,0.848,0.3236,678
17099962900,17,2.23,2.23,0.537,0.564,0.6481,277
42091205906,42,2.554,2.554,0.455,0.772,0.5566,1037
18163000900,18,2.106,2.106,0.487,0.752,0.7211,502
08059009837,08,1.87,1.87,0.451,0.748,0.5695,1173
26093743700,26,2.145,2.145,0.537,0.696,0.8475,779
45063020604,45,2.47,2.47,0.465,0.824,0.7361,557
21139040100,21,1.59,1.59,0.337,0.532,0.6658,785
06029000105,06,1.475,1.475,0.464,0.668,0.769,460
06037403500,06,2.415,2.415,0.503,0.752,0.9131,351
41035971500,41,1.583,1.583,0.45,0.848,0.5338,671
22045030301,22,1.654,1.654,0.458,0.628,0.7034,691
40121485800,40,1.881,1.881,0.386,0.688,0.4033,1381
48121021518,48,1.253,1.253,0.426,0.876,0.477,653
72075710800,72,1.704,1.704,0.537,0.828,0.8598,442
26161454001,26,1.602,1.602,0.495,0.768,0.7704,1174
13021010800,13,1.119,1.119,0.422,0.82,0.584,600
06065048200,06,1.622,1.622,0.403,0.756,0.676,328
48201330400,48,1.734,1.734,0.473,0.772,0.7096,592
53033001702,53,1.261,1.261,0.325,0.884,0.1668,792
18097341902,18,1.655,1.655,0.486,0.764,0.7338,512
29510106400,29,1.991,1.991,0.431,0.66,0.7101,345
39113020700,39,1.401,1.401,0.417,0.796,0.5426,480
48129950200,48,1.224,1.224,0.585,0.844,0.6134,549
06083001208,06,1.271,1.271,0.441,0.784,0.6403,422
34035051200,34,1.118,1.118,0.3,0.764,0.1089,695
51195930900,51,1.679,1.679,0.456,0.72,0.6163,1407
13097080508,13,1.575,1.575,0.391,0.804,0.4518,1308
42091206703,42,2.765,2.765,0.507,0.744,0.7932,694
22017023802,22,1.727,1.727,0.491,0.596,0.8756,211
01011952500,01,1.489,1.489,0.28,0.86,0.4603,973
36013037600,36,1.425,1.425,0.418,0.58,0.7796,475
48201250901,48,1.651,1.651,0.396,0.86,0.4668,615
31055007320,31,2.089,2.089,0.315,0.888,0.3699,1217
42025020201,42,2.145,2.145,0.508,0.832,0.7283,721
46093020200,46,1.459,1.459,0.434,0.824,0.4502,904
53033007301,53,1.451,1.451,0.244,0.756,0.1015,456
32003000105,32,2.21,2.21,0.337,0.9,0.3138,920
48061012617,48,1.02,1.02,0.394,0.844,0.435,713
48201550304,48,1.205,1.205,0.403,0.84,0.524,587
48113016704,48,1.381,1.381,0.461,0.728,0.4987,315
06007000700,06,2.171,2.171,0.384,0.908,0.3356,1099
48499950500,48,1.71,1.71,0.414,0.78,0.5408,882
10003013604,10,1.621,1.621,0.461,0.72,0.7876,515
12117021404,12,2.501,2.501,0.525,0.6,0.8345,907
18063210701,18,5.184,5.184,0.482,0.648,0.7518,1132
48215022112,48,1.576,1.576,0.443,0.612,0.9057,137
17031770201,17,1.76,1.76,0.315,0.848,0.2933,1362
