slug,pair,decade,metric,tau,se,t,p,n,n_seg,y_mean,h
chicago,B-C,1940,link_node_ratio,-0.017817676582927003,0.008429140930805252,-2.113818801843766,0.035361438287768394,1748,299,1.031130731887528,300.0
chicago,B-C,1940,connected_node_ratio,-0.021818650085279147,0.01556879053307398,-1.4014351364627913,0.16212809648976145,1743,298,0.5495871829580345,300.0
chicago,B-C,1940,intersection_density,-0.7473060909544588,2.0970981022333035,-0.35635247114029406,0.7218287839030337,1748,299,71.56247693347544,300.0
chicago,B-C,1940,median_block_length_ft,-9.092746974596627,4.274989068331277,-2.1269637955228595,0.034244369325761026,1748,299,256.64459110377584,300.0
chicago,B-C,1940,walking_circuity,0.0026389464764100573,0.011016117752005674,0.2395532197293,0.8108413165142424,1748,299,1.2504969836553708,300.0
chicago,B-C,1940,pedshed_reach,-8.033246955410362e-05,6.931067676250256e-05,-1.159020129458091,0.2473758710122152,1748,299,0.0028307908875843694,300.0
chicago,B-C,1950,link_node_ratio,-0.017817676582927003,0.008429140930805252,-2.113818801843766,0.035361438287768394,1748,299,1.031130731887528,300.0
chicago,B-C,1950,connected_node_ratio,-0.021818650085279147,0.01556879053307398,-1.4014351364627913,0.16212809648976145,1743,298,0.5495871829580345,300.0
chicago,B-C,1950,intersection_density,-0.7473060909544588,2.0970981022333035,-0.35635247114029406,0.7218287839030337,1748,299,71.56247693347544,300.0
chicago,B-C,1950,median_block_length_ft,-9.092746974596627,4.274989068331277,-2.1269637955228595,0.034244369325761026,1748,299,256.64459110377584,300.0
chicago,B-C,1950,walking_circuity,-0.00281473523683183,0.010091140599137374,-0.27893132685837746,0.7804909960425442,1748,299,1.2459141967845844,300.0
chicago,B-C,1950,pedshed_reach,-8.033246955410362e-05,6.931067676250256e-05,-1.159020129458091,0.2473758710122152,1748,299,0.0028307908875843694,300.0
chicago,B-C,1960,link_node_ratio,-0.017817676582927003,0.008429140930805252,-2.113818801843766,0.035361438287768394,1748,299,1.031130731887528,300.0
chicago,B-C,1960,connected_node_ratio,-0.021818650085279147,0.01556879053307398,-1.4014351364627913,0.16212809648976145,1743,298,0.5495871829580345,300.0
chicago,B-C,1960,intersection_density,-0.7473060909544588,2.0970981022333035,-0.35635247114029406,0.7218287839030337,1748,299,71.56247693347544,300.0
chicago,B-C,1960,median_block_length_ft,-9.092746974596627,4.274989068331277,-2.1269637955228595,0.034244369325761026,1748,299,256.64459110377584,300.0
chicago,B-C,1960,walking_circuity,-0.0008790204075215442,0.011842937683510782,-0.07422317257866064,0.9408826053646249,1748,299,1.2480537126716758,300.0
chicago,B-C,1960,pedshed_reach,-8.033246955410362e-05,6.931067676250256e-05,-1.159020129458091,0.2473758710122152,1748,299,0.0028307908875843694,300.0
chicago,B-C,1970,link_node_ratio,-0.017817676582927003,0.008429140930805252,-2.113818801843766,0.035361438287768394,1748,299,1.031130731887528,300.0
chicago,B-C,1970,connected_node_ratio,-0.021818650085279147,0.01556879053307398,-1.4014351364627913,0.16212809648976145,1743,298,0.5495871829580345,300.0
chicago,B-C,1970,intersection_density,-0.7473060909544588,2.0970981022333035,-0.35635247114029406,0.7218287839030337,1748,299,71.56247693347544,300.0
chicago,B-C,1970,median_block_length_ft,-9.092746974596627,4.274989068331277,-2.1269637955228595,0.034244369325761026,1748,299,256.64459110377584,300.0
chicago,B-C,1970,walking_circuity,0.005770172917406829,0.01134070294661984,0.5088020508575848,0.6112674721430174,1748,299,1.2453480669578711,300.0
chicago,B-C,1970,pedshed_reach,-8.033246955410362e-05,6.931067676250256e-05,-1.159020129458091,0.2473758710122152,1748,299,0.0028307908875843694,300.0
chicago,B-C,1980,link_node_ratio,-0.017817676582927003,0.008429140930805252,-2.113818801843766,0.035361438287768394,1748,299,1.031130731887528,300.0
chicago,B-C,1980,connected_node_ratio,-0.021818650085279147,0.01556879053307398,-1.4014351364627913,0.16212809648976145,1743,298,0.5495871829580345,300.0
chicago,B-C,1980,intersection_density,-0.7473060909544588,2.0970981022333035,-0.35635247114029406,0.7218287839030337,1748,299,71.56247693347544,300.0
chicago,B-C,1980,median_block_length_ft,-9.092746974596627,4.274989068331277,-2.1269637955228595,0.034244369325761026,1748,299,256.64459110377584,300.0
chicago,B-C,1980,walking_circuity,0.011390782846986709,0.011176930043608807,1.019133411638394,0.30896629679944637,1748,299,1.2467968994160856,300.0
chicago,B-C,1980,pedshed_reach,-8.033246955410362e-05,6.931067676250256e-05,-1.159020129458091,0.2473758710122152,1748,299,0.0028307908875843694,300.0
chicago,B-C,1990,link_node_ratio,-0.017817676582927003,0.008429140930805252,-2.113818801843766,0.035361438287768394,1748,299,1.031130731887528,300.0
chicago,B-C,1990,connected_node_ratio,-0.021818650085279147,0.01556879053307398,-1.4014351364627913,0.16212809648976145,1743,298,0.5495871829580345,300.0
chicago,B-C,1990,intersection_density,-0.7473060909544588,2.0970981022333035,-0.35635247114029406,0.7218287839030337,1748,299,71.56247693347544,300.0
chicago,B-C,1990,median_block_length_ft,-9.092746974596627,4.274989068331277,-2.1269637955228595,0.034244369325761026,1748,299,256.64459110377584,300.0
chicago,B-C,1990,walking_circuity,0.002193384636299205,0.009741023940844503,0.2251698229692523,0.8220014956700736,1748,299,1.245176144500287,300.0
chicago,B-C,1990,pedshed_reach,-8.033246955410362e-05,6.931067676250256e-05,-1.159020129458091,0.2473758710122152,1748,299,0.0028307908875843694,300.0
chicago,B-C,2000,link_node_ratio,-0.017817676582927003,0.008429140930805252,-2.113818801843766,0.035361438287768394,1748,299,1.031130731887528,300.0
chicago,B-C,2000,connected_node_ratio,-0.021818650085279147,0.01556879053307398,-1.4014351364627913,0.16212809648976145,1743,298,0.5495871829580345,300.0
chicago,B-C,2000,intersection_density,-0.7473060909544588,2.0970981022333035,-0.35635247114029406,0.7218287839030337,1748,299,71.56247693347544,300.0
chicago,B-C,2000,median_block_length_ft,-9.092746974596627,4.274989068331277,-2.1269637955228595,0.034244369325761026,1748,299,256.64459110377584,300.0
chicago,B-C,2000,walking_circuity,-0.007588222624217964,0.01115486573575342,-0.680261224471425,0.49686721811160706,1748,299,1.248512492350014,300.0
chicago,B-C,2000,pedshed_reach,-8.033246955410362e-05,6.931067676250256e-05,-1.159020129458091,0.2473758710122152,1748,299,0.0028307908875843694,300.0
chicago,B-C,2010,link_node_ratio,-0.017817676582927003,0.008429140930805252,-2.113818801843766,0.035361438287768394,1748,299,1.031130731887528,300.0
chicago,B-C,2010,connected_node_ratio,-0.021818650085279147,0.01556879053307398,-1.4014351364627913,0.16212809648976145,1743,298,0.5495871829580345,300.0
chicago,B-C,2010,intersection_density,-0.7473060909544588,2.0970981022333035,-0.35635247114029406,0.7218287839030337,1748,299,71.56247693347544,300.0
chicago,B-C,2010,median_block_length_ft,-9.092746974596627,4.274989068331277,-2.1269637955228595,0.034244369325761026,1748,299,256.64459110377584,300.0
chicago,B-C,2010,walking_circuity,0.013176578573345999,0.01060813869296503,1.2421197492529272,0.21516901476499692,1748,299,1.246671772853981,300.0
chicago,B-C,2010,pedshed_reach,-8.033246955410362e-05,6.931067676250256e-05,-1.159020129458091,0.2473758710122152,1748,299,0.0028307908875843694,300.0
chicago,B-C,2020,link_node_ratio,-0.017817676582927003,0.008429140930805252,-2.113818801843766,0.035361438287768394,1748,299,1.031130731887528,300.0
chicago,B-C,2020,connected_node_ratio,-0.021818650085279147,0.01556879053307398,-1.4014351364627913,0.16212809648976145,1743,298,0.5495871829580345,300.0
chicago,B-C,2020,intersection_density,-0.7473060909544588,2.0970981022333035,-0.35635247114029406,0.7218287839030337,1748,299,71.56247693347544,300.0
chicago,B-C,2020,median_block_length_ft,-9.092746974596627,4.274989068331277,-2.1269637955228595,0.034244369325761026,1748,299,256.64459110377584,300.0
chicago,B-C,2020,walking_circuity,-0.0031351628079512813,0.010678880218436075,-0.29358535200523367,0.7692791288836808,1748,299,1.2475001050870032,300.0
chicago,B-C,2020,pedshed_reach,-8.033246955410362e-05,6.931067676250256e-05,-1.159020129458091,0.2473758710122152,1748,299,0.0028307908875843694,300.0
chicago,C-D,1940,link_node_ratio,0.0032741321743290073,0.00593932907523392,0.5512629680651355,0.5818651226937482,1790,300,1.0644530565855985,300.0
chicago,C-D,1940,connected_node_ratio,0.005675862040652662,0.013256535120402348,0.4281557729151473,0.6688459562634449,1790,300,0.5712693523053439,300.0
chicago,C-D,1940,intersection_density,-2.056552308703184,1.9885266986245114,-1.0342090504119088,0.30187418510710584,1790,300,92.23548051381192,300.0
chicago,C-D,1940,median_block_length_ft,-1.8348878688339243,2.90450726977639,-0.6317380878771865,0.5280407316885245,1790,300,199.68224466897587,300.0
chicago,C-D,1940,walking_circuity,-0.010298558157616015,0.008500413552889545,-1.2115361321585616,0.22664660483253882,1790,300,1.2815591439684302,300.0
chicago,C-D,1940,pedshed_reach,-5.133608931771117e-05,6.232933934353218e-05,-0.823626399034474,0.410808329202898,1790,300,0.003386072191062303,300.0
chicago,C-D,1950,link_node_ratio,0.0032741321743290073,0.00593932907523392,0.5512629680651355,0.5818651226937482,1790,300,1.0644530565855985,300.0
chicago,C-D,1950,connected_node_ratio,0.005675862040652662,0.013256535120402348,0.4281557729151473,0.6688459562634449,1790,300,0.5712693523053439,300.0
chicago,C-D,1950,intersection_density,-2.056552308703184,1.9885266986245114,-1.0342090504119088,0.30187418510710584,1790,300,92.23548051381192,300.0
chicago,C-D,1950,median_block_length_ft,-1.8348878688339243,2.90450726977639,-0.6317380878771865,0.5280407316885245,1790,300,199.68224466897587,300.0
chicago,C-D,1950,walking_circuity,0.003065154709444519,0.008709116110077776,0.35194785219336633,0.7251252867928519,1790,300,1.2792011497989793,300.0
chicago,C-D,1950,pedshed_reach,-5.133608931771117e-05,6.232933934353218e-05,-0.823626399034474,0.410808329202898,1790,300,0.003386072191062303,300.0
chicago,C-D,1960,link_node_ratio,0.0032741321743290073,0.00593932907523392,0.5512629680651355,0.5818651226937482,1790,300,1.0644530565855985,300.0
chicago,C-D,1960,connected_node_ratio,0.005675862040652662,0.013256535120402348,0.4281557729151473,0.6688459562634449,1790,300,0.5712693523053439,300.0
chicago,C-D,1960,intersection_density,-2.056552308703184,1.9885266986245114,-1.0342090504119088,0.30187418510710584,1790,300,92.23548051381192,300.0
chicago,C-D,1960,median_block_length_ft,-1.8348878688339243,2.90450726977639,-0.6317380878771865,0.5280407316885245,1790,300,199.68224466897587,300.0
chicago,C-D,1960,walking_circuity,-0.010526527433107427,0.008683136643583292,-1.2122954947261337,0.2263563295733976,1790,300,1.278242830178959,300.0
chicago,C-D,1960,pedshed_reach,-5.133608931771117e-05,6.232933934353218e-05,-0.823626399034474,0.410808329202898,1790,300,0.003386072191062303,300.0
chicago,C-D,1970,link_node_ratio,0.0032741321743290073,0.00593932907523392,0.5512629680651355,0.5818651226937482,1790,300,1.0644530565855985,300.0
chicago,C-D,1970,connected_node_ratio,0.005675862040652662,0.013256535120402348,0.4281557729151473,0.6688459562634449,1790,300,0.5712693523053439,300.0
chicago,C-D,1970,intersection_density,-2.056552308703184,1.9885266986245114,-1.0342090504119088,0.30187418510710584,1790,300,92.23548051381192,300.0
chicago,C-D,1970,median_block_length_ft,-1.8348878688339243,2.90450726977639,-0.6317380878771865,0.5280407316885245,1790,300,199.68224466897587,300.0
chicago,C-D,1970,walking_circuity,-0.010832378374977294,0.007534913800200011,-1.437624724345188,0.1515862720868763,1790,300,1.278802948580078,300.0
chicago,C-D,1970,pedshed_reach,-5.133608931771117e-05,6.232933934353218e-05,-0.823626399034474,0.410808329202898,1790,300,0.003386072191062303,300.0
chicago,C-D,1980,link_node_ratio,0.0032741321743290073,0.00593932907523392,0.5512629680651355,0.5818651226937482,1790,300,1.0644530565855985,300.0
chicago,C-D,1980,connected_node_ratio,0.005675862040652662,0.013256535120402348,0.4281557729151473,0.6688459562634449,1790,300,0.5712693523053439,300.0
chicago,C-D,1980,intersection_density,-2.056552308703184,1.9885266986245114,-1.0342090504119088,0.30187418510710584,1790,300,92.23548051381192,300.0
chicago,C-D,1980,median_block_length_ft,-1.8348878688339243,2.90450726977639,-0.6317380878771865,0.5280407316885245,1790,300,199.68224466897587,300.0
chicago,C-D,1980,walking_circuity,0.00018952264561175985,0.007965253115031547,0.02379367521342217,0.9810330563109634,1790,300,1.280149982542867,300.0
chicago,C-D,1980,pedshed_reach,-5.133608931771117e-05,6.232933934353218e-05,-0.823626399034474,0.410808329202898,1790,300,0.003386072191062303,300.0
chicago,C-D,1990,link_node_ratio,0.0032741321743290073,0.00593932907523392,0.5512629680651355,0.5818651226937482,1790,300,1.0644530565855985,300.0
chicago,C-D,1990,connected_node_ratio,0.005675862040652662,0.013256535120402348,0.4281557729151473,0.6688459562634449,1790,300,0.5712693523053439,300.0
chicago,C-D,1990,intersection_density,-2.056552308703184,1.9885266986245114,-1.0342090504119088,0.30187418510710584,1790,300,92.23548051381192,300.0
chicago,C-D,1990,median_block_length_ft,-1.8348878688339243,2.90450726977639,-0.6317380878771865,0.5280407316885245,1790,300,199.68224466897587,300.0
chicago,C-D,1990,walking_circuity,-0.009926083734960135,0.007138480262884595,-1.3905037724302811,0.16541004494149714,1790,300,1.2792133858292625,300.0
chicago,C-D,1990,pedshed_reach,-5.133608931771117e-05,6.232933934353218e-05,-0.823626399034474,0.410808329202898,1790,300,0.003386072191062303,300.0
chicago,C-D,2000,link_node_ratio,0.0032741321743290073,0.00593932907523392,0.5512629680651355,0.5818651226937482,1790,300,1.0644530565855985,300.0
chicago,C-D,2000,connected_node_ratio,0.005675862040652662,0.013256535120402348,0.4281557729151473,0.6688459562634449,1790,300,0.5712693523053439,300.0
chicago,C-D,2000,intersection_density,-2.056552308703184,1.9885266986245114,-1.0342090504119088,0.30187418510710584,1790,300,92.23548051381192,300.0
chicago,C-D,2000,median_block_length_ft,-1.8348878688339243,2.90450726977639,-0.6317380878771865,0.5280407316885245,1790,300,199.68224466897587,300.0
chicago,C-D,2000,walking_circuity,-0.013531299402692291,0.007826406604844028,-1.7289287518383356,0.08485405571413752,1790,300,1.277771055176846,300.0
chicago,C-D,2000,pedshed_reach,-5.133608931771117e-05,6.232933934353218e-05,-0.823626399034474,0.410808329202898,1790,300,0.003386072191062303,300.0
chicago,C-D,2010,link_node_ratio,0.0032741321743290073,0.00593932907523392,0.5512629680651355,0.5818651226937482,1790,300,1.0644530565855985,300.0
chicago,C-D,2010,connected_node_ratio,0.005675862040652662,0.013256535120402348,0.4281557729151473,0.6688459562634449,1790,300,0.5712693523053439,300.0
chicago,C-D,2010,intersection_density,-2.056552308703184,1.9885266986245114,-1.0342090504119088,0.30187418510710584,1790,300,92.23548051381192,300.0
chicago,C-D,2010,median_block_length_ft,-1.8348878688339243,2.90450726977639,-0.6317380878771865,0.5280407316885245,1790,300,199.68224466897587,300.0
chicago,C-D,2010,walking_circuity,-0.010220727557653884,0.008114405197696148,-1.2595781586746206,0.2088038975349065,1790,300,1.2808649838568518,300.0
chicago,C-D,2010,pedshed_reach,-5.133608931771117e-05,6.232933934353218e-05,-0.823626399034474,0.410808329202898,1790,300,0.003386072191062303,300.0
chicago,C-D,2020,link_node_ratio,0.0032741321743290073,0.00593932907523392,0.5512629680651355,0.5818651226937482,1790,300,1.0644530565855985,300.0
chicago,C-D,2020,connected_node_ratio,0.005675862040652662,0.013256535120402348,0.4281557729151473,0.6688459562634449,1790,300,0.5712693523053439,300.0
chicago,C-D,2020,intersection_density,-2.056552308703184,1.9885266986245114,-1.0342090504119088,0.30187418510710584,1790,300,92.23548051381192,300.0
chicago,C-D,2020,median_block_length_ft,-1.8348878688339243,2.90450726977639,-0.6317380878771865,0.5280407316885245,1790,300,199.68224466897587,300.0
chicago,C-D,2020,walking_circuity,-0.017060041865993646,0.008105126987712118,-2.104845721955713,0.03613899391349073,1790,300,1.281149468381971,300.0
chicago,C-D,2020,pedshed_reach,-5.133608931771117e-05,6.232933934353218e-05,-0.823626399034474,0.410808329202898,1790,300,0.003386072191062303,300.0
philadelphia,B-C,1940,link_node_ratio,0.009247248631212417,0.00975211025855971,0.9482305250902838,0.3437804226347824,1782,299,1.1494209366401178,300.0
philadelphia,B-C,1940,connected_node_ratio,0.011186162641448939,0.016061648847375303,0.6964516998064563,0.4866888612488131,1779,299,0.6894952518764829,300.0
philadelphia,B-C,1940,intersection_density,3.107995668160488,3.092395322787982,1.0050447448479651,0.3156906855851574,1782,299,107.06483250901405,300.0
philadelphia,B-C,1940,median_block_length_ft,-3.7126049186665897,3.534528262438571,-1.0503820150825893,0.29439356650472953,1782,299,282.21325635394646,300.0
philadelphia,B-C,1940,walking_circuity,0.018202369918132164,0.010318311861789477,1.7640841023170408,0.07874236621408912,1782,299,1.2301801561461874,300.0
philadelphia,B-C,1940,pedshed_reach,5.441422129928057e-05,8.724678552268876e-05,0.6236816746117254,0.5333137514256837,1782,299,0.0035030625760194296,300.0
philadelphia,B-C,1950,link_node_ratio,0.009247248631212417,0.00975211025855971,0.9482305250902838,0.3437804226347824,1782,299,1.1494209366401178,300.0
philadelphia,B-C,1950,connected_node_ratio,0.011186162641448939,0.016061648847375303,0.6964516998064563,0.4866888612488131,1779,299,0.6894952518764829,300.0
philadelphia,B-C,1950,intersection_density,3.107995668160488,3.092395322787982,1.0050447448479651,0.3156906855851574,1782,299,107.06483250901405,300.0
philadelphia,B-C,1950,median_block_length_ft,-3.7126049186665897,3.534528262438571,-1.0503820150825893,0.29439356650472953,1782,299,282.21325635394646,300.0
philadelphia,B-C,1950,walking_circuity,0.008155905018194317,0.009418422588288858,0.8659523334975018,0.38721293527251127,1782,299,1.2285934003041523,300.0
philadelphia,B-C,1950,pedshed_reach,5.441422129928057e-05,8.724678552268876e-05,0.6236816746117254,0.5333137514256837,1782,299,0.0035030625760194296,300.0
philadelphia,B-C,1960,link_node_ratio,0.009247248631212417,0.00975211025855971,0.9482305250902838,0.3437804226347824,1782,299,1.1494209366401178,300.0
philadelphia,B-C,1960,connected_node_ratio,0.011186162641448939,0.016061648847375303,0.6964516998064563,0.4866888612488131,1779,299,0.6894952518764829,300.0
philadelphia,B-C,1960,intersection_density,3.107995668160488,3.092395322787982,1.0050447448479651,0.3156906855851574,1782,299,107.06483250901405,300.0
philadelphia,B-C,1960,median_block_length_ft,-3.7126049186665897,3.534528262438571,-1.0503820150825893,0.29439356650472953,1782,299,282.21325635394646,300.0
philadelphia,B-C,1960,walking_circuity,0.00033522467358184613,0.010285642185627818,0.03259151616709527,0.9740221533931844,1782,299,1.22989038547369,300.0
philadelphia,B-C,1960,pedshed_reach,5.441422129928057e-05,8.724678552268876e-05,0.6236816746117254,0.5333137514256837,1782,299,0.0035030625760194296,300.0
philadelphia,B-C,1970,link_node_ratio,0.009247248631212417,0.00975211025855971,0.9482305250902838,0.3437804226347824,1782,299,1.1494209366401178,300.0
philadelphia,B-C,1970,connected_node_ratio,0.011186162641448939,0.016061648847375303,0.6964516998064563,0.4866888612488131,1779,299,0.6894952518764829,300.0
philadelphia,B-C,1970,intersection_density,3.107995668160488,3.092395322787982,1.0050447448479651,0.3156906855851574,1782,299,107.06483250901405,300.0
philadelphia,B-C,1970,median_block_length_ft,-3.7126049186665897,3.534528262438571,-1.0503820150825893,0.29439356650472953,1782,299,282.21325635394646,300.0
philadelphia,B-C,1970,walking_circuity,0.0026489099354063527,0.010024864085277516,0.2642339998700365,0.7917822592570272,1782,299,1.2278834243693204,300.0
philadelphia,B-C,1970,pedshed_reach,5.441422129928057e-05,8.724678552268876e-05,0.6236816746117254,0.5333137514256837,1782,299,0.0035030625760194296,300.0
philadelphia,B-C,1980,link_node_ratio,0.009247248631212417,0.00975211025855971,0.9482305250902838,0.3437804226347824,1782,299,1.1494209366401178,300.0
philadelphia,B-C,1980,connected_node_ratio,0.011186162641448939,0.016061648847375303,0.6964516998064563,0.4866888612488131,1779,299,0.6894952518764829,300.0
philadelphia,B-C,1980,intersection_density,3.107995668160488,3.092395322787982,1.0050447448479651,0.3156906855851574,1782,299,107.06483250901405,300.0
philadelphia,B-C,1980,median_block_length_ft,-3.7126049186665897,3.534528262438571,-1.0503820150825893,0.29439356650472953,1782,299,282.21325635394646,300.0
philadelphia,B-C,1980,walking_circuity,0.013945924628429956,0.010389648319592494,1.342290345105439,0.1805235696479586,1782,299,1.2281742109321072,300.0
philadelphia,B-C,1980,pedshed_reach,5.441422129928057e-05,8.724678552268876e-05,0.6236816746117254,0.5333137514256837,1782,299,0.0035030625760194296,300.0
philadelphia,B-C,1990,link_node_ratio,0.009247248631212417,0.00975211025855971,0.9482305250902838,0.3437804226347824,1782,299,1.1494209366401178,300.0
philadelphia,B-C,1990,connected_node_ratio,0.011186162641448939,0.016061648847375303,0.6964516998064563,0.4866888612488131,1779,299,0.6894952518764829,300.0
philadelphia,B-C,1990,intersection_density,3.107995668160488,3.092395322787982,1.0050447448479651,0.3156906855851574,1782,299,107.06483250901405,300.0
philadelphia,B-C,1990,median_block_length_ft,-3.7126049186665897,3.534528262438571,-1.0503820150825893,0.29439356650472953,1782,299,282.21325635394646,300.0
philadelphia,B-C,1990,walking_circuity,0.003775343845198787,0.010479014531832812,0.36027661129108746,0.7188955069336681,1782,299,1.2307298465387853,300.0
philadelphia,B-C,1990,pedshed_reach,5.441422129928057e-05,8.724678552268876e-05,0.6236816746117254,0.5333137514256837,1782,299,0.0035030625760194296,300.0
philadelphia,B-C,2000,link_node_ratio,0.009247248631212417,0.00975211025855971,0.9482305250902838,0.3437804226347824,1782,299,1.1494209366401178,300.0
philadelphia,B-C,2000,connected_node_ratio,0.011186162641448939,0.016061648847375303,0.6964516998064563,0.4866888612488131,1779,299,0.6894952518764829,300.0
philadelphia,B-C,2000,intersection_density,3.107995668160488,3.092395322787982,1.0050447448479651,0.3156906855851574,1782,299,107.06483250901405,300.0
philadelphia,B-C,2000,median_block_length_ft,-3.7126049186665897,3.534528262438571,-1.0503820150825893,0.29439356650472953,1782,299,282.21325635394646,300.0
philadelphia,B-C,2000,walking_circuity,0.007018763968618265,0.010204786805522219,0.6877913377690684,0.49211917947506856,1782,299,1.2268129369294332,300.0
philadelphia,B-C,2000,pedshed_reach,5.441422129928057e-05,8.724678552268876e-05,0.6236816746117254,0.5333137514256837,1782,299,0.0035030625760194296,300.0
philadelphia,B-C,2010,link_node_ratio,0.009247248631212417,0.00975211025855971,0.9482305250902838,0.3437804226347824,1782,299,1.1494209366401178,300.0
philadelphia,B-C,2010,connected_node_ratio,0.011186162641448939,0.016061648847375303,0.6964516998064563,0.4866888612488131,1779,299,0.6894952518764829,300.0
philadelphia,B-C,2010,intersection_density,3.107995668160488,3.092395322787982,1.0050447448479651,0.3156906855851574,1782,299,107.06483250901405,300.0
philadelphia,B-C,2010,median_block_length_ft,-3.7126049186665897,3.534528262438571,-1.0503820150825893,0.29439356650472953,1782,299,282.21325635394646,300.0
philadelphia,B-C,2010,walking_circuity,-0.006271300545757992,0.010476911856763945,-0.5985829251497625,0.5499057518298147,1782,299,1.2283187269277904,300.0
philadelphia,B-C,2010,pedshed_reach,5.441422129928057e-05,8.724678552268876e-05,0.6236816746117254,0.5333137514256837,1782,299,0.0035030625760194296,300.0
philadelphia,B-C,2020,link_node_ratio,0.009247248631212417,0.00975211025855971,0.9482305250902838,0.3437804226347824,1782,299,1.1494209366401178,300.0
philadelphia,B-C,2020,connected_node_ratio,0.011186162641448939,0.016061648847375303,0.6964516998064563,0.4866888612488131,1779,299,0.6894952518764829,300.0
philadelphia,B-C,2020,intersection_density,3.107995668160488,3.092395322787982,1.0050447448479651,0.3156906855851574,1782,299,107.06483250901405,300.0
philadelphia,B-C,2020,median_block_length_ft,-3.7126049186665897,3.534528262438571,-1.0503820150825893,0.29439356650472953,1782,299,282.21325635394646,300.0
philadelphia,B-C,2020,walking_circuity,-0.0011664508393321373,0.01023081294180378,-0.114013504690907,0.9093038634155055,1782,299,1.2272229508090553,300.0
philadelphia,B-C,2020,pedshed_reach,5.441422129928057e-05,8.724678552268876e-05,0.6236816746117254,0.5333137514256837,1782,299,0.0035030625760194296,300.0
philadelphia,C-D,1940,link_node_ratio,0.010930734143672245,0.009460222481203777,1.155441551759505,0.2489464725797591,1591,267,1.1647631868187052,300.0
philadelphia,C-D,1940,connected_node_ratio,0.025009716462662358,0.013881622251503991,1.8016422007127233,0.0727339760533849,1591,267,0.7073828433468986,300.0
philadelphia,C-D,1940,intersection_density,-2.1500859318964154,3.5651781337893445,-0.603079523998746,0.5469696366073693,1591,267,140.04569044653337,300.0
philadelphia,C-D,1940,median_block_length_ft,-2.500797546436138,3.49267320324017,-0.7160124640679626,0.474611744550546,1591,267,258.94086991610607,300.0
philadelphia,C-D,1940,walking_circuity,-0.0159723841530285,0.008348080543311582,-1.9133001975915829,0.05678307665035214,1591,267,1.2741125862673566,300.0
philadelphia,C-D,1940,pedshed_reach,-0.0001167129744795679,9.187647022796968e-05,-1.2703249721062675,0.20507889488141542,1591,267,0.003952784710694374,300.0
philadelphia,C-D,1950,link_node_ratio,0.010930734143672245,0.009460222481203777,1.155441551759505,0.2489464725797591,1591,267,1.1647631868187052,300.0
philadelphia,C-D,1950,connected_node_ratio,0.025009716462662358,0.013881622251503991,1.8016422007127233,0.0727339760533849,1591,267,0.7073828433468986,300.0
philadelphia,C-D,1950,intersection_density,-2.1500859318964154,3.5651781337893445,-0.603079523998746,0.5469696366073693,1591,267,140.04569044653337,300.0
philadelphia,C-D,1950,median_block_length_ft,-2.500797546436138,3.49267320324017,-0.7160124640679626,0.474611744550546,1591,267,258.94086991610607,300.0
philadelphia,C-D,1950,walking_circuity,-0.005017660370238226,0.008449508021310495,-0.5938405357546487,0.5531234341868934,1591,267,1.2741601225905703,300.0
philadelphia,C-D,1950,pedshed_reach,-0.0001167129744795679,9.187647022796968e-05,-1.2703249721062675,0.20507889488141542,1591,267,0.003952784710694374,300.0
philadelphia,C-D,1960,link_node_ratio,0.010930734143672245,0.009460222481203777,1.155441551759505,0.2489464725797591,1591,267,1.1647631868187052,300.0
philadelphia,C-D,1960,connected_node_ratio,0.025009716462662358,0.013881622251503991,1.8016422007127233,0.0727339760533849,1591,267,0.7073828433468986,300.0
philadelphia,C-D,1960,intersection_density,-2.1500859318964154,3.5651781337893445,-0.603079523998746,0.5469696366073693,1591,267,140.04569044653337,300.0
philadelphia,C-D,1960,median_block_length_ft,-2.500797546436138,3.49267320324017,-0.7160124640679626,0.474611744550546,1591,267,258.94086991610607,300.0
philadelphia,C-D,1960,walking_circuity,-0.028874968657260268,0.008579080515385754,-3.3657416555860262,0.000875997837431506,1591,267,1.2723558171989116,300.0
philadelphia,C-D,1960,pedshed_reach,-0.0001167129744795679,9.187647022796968e-05,-1.2703249721062675,0.20507889488141542,1591,267,0.003952784710694374,300.0
philadelphia,C-D,1970,link_node_ratio,0.010930734143672245,0.009460222481203777,1.155441551759505,0.2489464725797591,1591,267,1.1647631868187052,300.0
philadelphia,C-D,1970,connected_node_ratio,0.025009716462662358,0.013881622251503991,1.8016422007127233,0.0727339760533849,1591,267,0.7073828433468986,300.0
philadelphia,C-D,1970,intersection_density,-2.1500859318964154,3.5651781337893445,-0.603079523998746,0.5469696366073693,1591,267,140.04569044653337,300.0
philadelphia,C-D,1970,median_block_length_ft,-2.500797546436138,3.49267320324017,-0.7160124640679626,0.474611744550546,1591,267,258.94086991610607,300.0
philadelphia,C-D,1970,walking_circuity,-0.021304740045953386,0.009008816681460148,-2.3648766313335967,0.018754270763417055,1591,267,1.2736863690819042,300.0
philadelphia,C-D,1970,pedshed_reach,-0.0001167129744795679,9.187647022796968e-05,-1.2703249721062675,0.20507889488141542,1591,267,0.003952784710694374,300.0
philadelphia,C-D,1980,link_node_ratio,0.010930734143672245,0.009460222481203777,1.155441551759505,0.2489464725797591,1591,267,1.1647631868187052,300.0
philadelphia,C-D,1980,connected_node_ratio,0.025009716462662358,0.013881622251503991,1.8016422007127233,0.0727339760533849,1591,267,0.7073828433468986,300.0
philadelphia,C-D,1980,intersection_density,-2.1500859318964154,3.5651781337893445,-0.603079523998746,0.5469696366073693,1591,267,140.04569044653337,300.0
philadelphia,C-D,1980,median_block_length_ft,-2.500797546436138,3.49267320324017,-0.7160124640679626,0.474611744550546,1591,267,258.94086991610607,300.0
philadelphia,C-D,1980,walking_circuity,-0.015228593362585497,0.010154004056364643,-1.4997623871383077,0.1348618860299028,1591,267,1.2749811540570974,300.0
philadelphia,C-D,1980,pedshed_reach,-0.0001167129744795679,9.187647022796968e-05,-1.2703249721062675,0.20507889488141542,1591,267,0.003952784710694374,300.0
philadelphia,C-D,1990,link_node_ratio,0.010930734143672245,0.009460222481203777,1.155441551759505,0.2489464725797591,1591,267,1.1647631868187052,300.0
philadelphia,C-D,1990,connected_node_ratio,0.025009716462662358,0.013881622251503991,1.8016422007127233,0.0727339760533849,1591,267,0.7073828433468986,300.0
philadelphia,C-D,1990,intersection_density,-2.1500859318964154,3.5651781337893445,-0.603079523998746,0.5469696366073693,1591,267,140.04569044653337,300.0
philadelphia,C-D,1990,median_block_length_ft,-2.500797546436138,3.49267320324017,-0.7160124640679626,0.474611744550546,1591,267,258.94086991610607,300.0
philadelphia,C-D,1990,walking_circuity,-0.02224949046069369,0.008908087508626667,-2.4976730907893634,0.013105708096054014,1591,267,1.2753238889436822,300.0
philadelphia,C-D,1990,pedshed_reach,-0.0001167129744795679,9.187647022796968e-05,-1.2703249721062675,0.20507889488141542,1591,267,0.003952784710694374,300.0
philadelphia,C-D,2000,link_node_ratio,0.010930734143672245,0.009460222481203777,1.155441551759505,0.2489464725797591,1591,267,1.1647631868187052,300.0
philadelphia,C-D,2000,connected_node_ratio,0.025009716462662358,0.013881622251503991,1.8016422007127233,0.0727339760533849,1591,267,0.7073828433468986,300.0
philadelphia,C-D,2000,intersection_density,-2.1500859318964154,3.5651781337893445,-0.603079523998746,0.5469696366073693,1591,267,140.04569044653337,300.0
philadelphia,C-D,2000,median_block_length_ft,-2.500797546436138,3.49267320324017,-0.7160124640679626,0.474611744550546,1591,267,258.94086991610607,300.0
philadelphia,C-D,2000,walking_circuity,-0.017267066086131617,0.00921712268259749,-1.8733683689306782,0.06211403668266273,1591,267,1.275451186863121,300.0
philadelphia,C-D,2000,pedshed_reach,-0.0001167129744795679,9.187647022796968e-05,-1.2703249721062675,0.20507889488141542,1591,267,0.003952784710694374,300.0
philadelphia,C-D,2010,link_node_ratio,0.010930734143672245,0.009460222481203777,1.155441551759505,0.2489464725797591,1591,267,1.1647631868187052,300.0
philadelphia,C-D,2010,connected_node_ratio,0.025009716462662358,0.013881622251503991,1.8016422007127233,0.0727339760533849,1591,267,0.7073828433468986,300.0
philadelphia,C-D,2010,intersection_density,-2.1500859318964154,3.5651781337893445,-0.603079523998746,0.5469696366073693,1591,267,140.04569044653337,300.0
philadelphia,C-D,2010,median_block_length_ft,-2.500797546436138,3.49267320324017,-0.7160124640679626,0.474611744550546,1591,267,258.94086991610607,300.0
philadelphia,C-D,2010,walking_circuity,-0.009997418020032048,0.009652426181479832,-1.035741463551843,0.3012634361579859,1591,267,1.2733095114016237,300.0
philadelphia,C-D,2010,pedshed_reach,-0.0001167129744795679,9.187647022796968e-05,-1.2703249721062675,0.20507889488141542,1591,267,0.003952784710694374,300.0
philadelphia,C-D,2020,link_node_ratio,0.010930734143672245,0.009460222481203777,1.155441551759505,0.2489464725797591,1591,267,1.1647631868187052,300.0
philadelphia,C-D,2020,connected_node_ratio,0.025009716462662358,0.013881622251503991,1.8016422007127233,0.0727339760533849,1591,267,0.7073828433468986,300.0
philadelphia,C-D,2020,intersection_density,-2.1500859318964154,3.5651781337893445,-0.603079523998746,0.5469696366073693,1591,267,140.04569044653337,300.0
philadelphia,C-D,2020,median_block_length_ft,-2.500797546436138,3.49267320324017,-0.7160124640679626,0.474611744550546,1591,267,258.94086991610607,300.0
philadelphia,C-D,2020,walking_circuity,-0.023623611113608497,0.009986816304890551,-2.36547968765982,0.0187244010570837,1591,267,1.2767874741993153,300.0
philadelphia,C-D,2020,pedshed_reach,-0.0001167129744795679,9.187647022796968e-05,-1.2703249721062675,0.20507889488141542,1591,267,0.003952784710694374,300.0
baltimore,B-C,1940,link_node_ratio,-0.05091153042449993,0.012227447346876186,-4.163708824925473,6.474816098112845e-05,625,105,1.21069101106672,300.0
baltimore,B-C,1940,connected_node_ratio,-0.05188395456222494,0.014482367414113646,-3.582560300994847,0.000519328112200256,625,105,0.741769617407109,300.0
baltimore,B-C,1940,intersection_density,-15.930957379735641,6.832077219463619,-2.331788249458101,0.0216392431237075,625,105,201.57962038201012,300.0
baltimore,B-C,1940,median_block_length_ft,-2.7304038078800237,6.528712113166626,-0.41821476587603645,0.676652403069395,625,105,223.73493476566895,300.0
baltimore,B-C,1940,walking_circuity,-0.006622523962864882,0.014499495467677311,-0.45674168302117835,0.648809253357378,625,105,1.2813795772694125,300.0
baltimore,B-C,1940,pedshed_reach,0.00010887465261581533,0.00016114880685163985,0.6756156296959106,0.5007842266518274,625,105,0.004659762741108601,300.0
baltimore,B-C,1950,link_node_ratio,-0.05091153042449993,0.012227447346876186,-4.163708824925473,6.474816098112845e-05,625,105,1.21069101106672,300.0
baltimore,B-C,1950,connected_node_ratio,-0.05188395456222494,0.014482367414113646,-3.582560300994847,0.000519328112200256,625,105,0.741769617407109,300.0
baltimore,B-C,1950,intersection_density,-15.930957379735641,6.832077219463619,-2.331788249458101,0.0216392431237075,625,105,201.57962038201012,300.0
baltimore,B-C,1950,median_block_length_ft,-2.7304038078800237,6.528712113166626,-0.41821476587603645,0.676652403069395,625,105,223.73493476566895,300.0
baltimore,B-C,1950,walking_circuity,-0.0020142373566113775,0.012255950482911027,-0.16434770680739214,0.8697764208753311,625,105,1.2818109223028507,300.0
baltimore,B-C,1950,pedshed_reach,0.00010887465261581533,0.00016114880685163985,0.6756156296959106,0.5007842266518274,625,105,0.004659762741108601,300.0
baltimore,B-C,1960,link_node_ratio,-0.05091153042449993,0.012227447346876186,-4.163708824925473,6.474816098112845e-05,625,105,1.21069101106672,300.0
baltimore,B-C,1960,connected_node_ratio,-0.05188395456222494,0.014482367414113646,-3.582560300994847,0.000519328112200256,625,105,0.741769617407109,300.0
baltimore,B-C,1960,intersection_density,-15.930957379735641,6.832077219463619,-2.331788249458101,0.0216392431237075,625,105,201.57962038201012,300.0
baltimore,B-C,1960,median_block_length_ft,-2.7304038078800237,6.528712113166626,-0.41821476587603645,0.676652403069395,625,105,223.73493476566895,300.0
baltimore,B-C,1960,walking_circuity,-0.013188859575492606,0.013383832264539689,-0.985432222610585,0.3266988484032645,625,105,1.2834427789213436,300.0
baltimore,B-C,1960,pedshed_reach,0.00010887465261581533,0.00016114880685163985,0.6756156296959106,0.5007842266518274,625,105,0.004659762741108601,300.0
baltimore,B-C,1970,link_node_ratio,-0.05091153042449993,0.012227447346876186,-4.163708824925473,6.474816098112845e-05,625,105,1.21069101106672,300.0
baltimore,B-C,1970,connected_node_ratio,-0.05188395456222494,0.014482367414113646,-3.582560300994847,0.000519328112200256,625,105,0.741769617407109,300.0
baltimore,B-C,1970,intersection_density,-15.930957379735641,6.832077219463619,-2.331788249458101,0.0216392431237075,625,105,201.57962038201012,300.0
baltimore,B-C,1970,median_block_length_ft,-2.7304038078800237,6.528712113166626,-0.41821476587603645,0.676652403069395,625,105,223.73493476566895,300.0
baltimore,B-C,1970,walking_circuity,0.002565102765198771,0.013335964972537698,0.19234474374227892,0.8478472559864144,625,105,1.2811203372026516,300.0
baltimore,B-C,1970,pedshed_reach,0.00010887465261581533,0.00016114880685163985,0.6756156296959106,0.5007842266518274,625,105,0.004659762741108601,300.0
baltimore,B-C,1980,link_node_ratio,-0.05091153042449993,0.012227447346876186,-4.163708824925473,6.474816098112845e-05,625,105,1.21069101106672,300.0
baltimore,B-C,1980,connected_node_ratio,-0.05188395456222494,0.014482367414113646,-3.582560300994847,0.000519328112200256,625,105,0.741769617407109,300.0
baltimore,B-C,1980,intersection_density,-15.930957379735641,6.832077219463619,-2.331788249458101,0.0216392431237075,625,105,201.57962038201012,300.0
baltimore,B-C,1980,median_block_length_ft,-2.7304038078800237,6.528712113166626,-0.41821476587603645,0.676652403069395,625,105,223.73493476566895,300.0
baltimore,B-C,1980,walking_circuity,-0.0013534525475550755,0.011997118873192755,-0.11281479844125988,0.9103948603750366,625,105,1.2805017610578895,300.0
baltimore,B-C,1980,pedshed_reach,0.00010887465261581533,0.00016114880685163985,0.6756156296959106,0.5007842266518274,625,105,0.004659762741108601,300.0
baltimore,B-C,1990,link_node_ratio,-0.05091153042449993,0.012227447346876186,-4.163708824925473,6.474816098112845e-05,625,105,1.21069101106672,300.0
baltimore,B-C,1990,connected_node_ratio,-0.05188395456222494,0.014482367414113646,-3.582560300994847,0.000519328112200256,625,105,0.741769617407109,300.0
baltimore,B-C,1990,intersection_density,-15.930957379735641,6.832077219463619,-2.331788249458101,0.0216392431237075,625,105,201.57962038201012,300.0
baltimore,B-C,1990,median_block_length_ft,-2.7304038078800237,6.528712113166626,-0.41821476587603645,0.676652403069395,625,105,223.73493476566895,300.0
baltimore,B-C,1990,walking_circuity,-0.030120631208612258,0.011203148304881899,-2.688586314213733,0.008358410902063492,625,105,1.2813534120238572,300.0
baltimore,B-C,1990,pedshed_reach,0.00010887465261581533,0.00016114880685163985,0.6756156296959106,0.5007842266518274,625,105,0.004659762741108601,300.0
baltimore,B-C,2000,link_node_ratio,-0.05091153042449993,0.012227447346876186,-4.163708824925473,6.474816098112845e-05,625,105,1.21069101106672,300.0
baltimore,B-C,2000,connected_node_ratio,-0.05188395456222494,0.014482367414113646,-3.582560300994847,0.000519328112200256,625,105,0.741769617407109,300.0
baltimore,B-C,2000,intersection_density,-15.930957379735641,6.832077219463619,-2.331788249458101,0.0216392431237075,625,105,201.57962038201012,300.0
baltimore,B-C,2000,median_block_length_ft,-2.7304038078800237,6.528712113166626,-0.41821476587603645,0.676652403069395,625,105,223.73493476566895,300.0
baltimore,B-C,2000,walking_circuity,-0.011398469695436135,0.013725821323703289,-0.8304399005800824,0.40819244426406304,625,105,1.2793979671831937,300.0
baltimore,B-C,2000,pedshed_reach,0.00010887465261581533,0.00016114880685163985,0.6756156296959106,0.5007842266518274,625,105,0.004659762741108601,300.0
baltimore,B-C,2010,link_node_ratio,-0.05091153042449993,0.012227447346876186,-4.163708824925473,6.474816098112845e-05,625,105,1.21069101106672,300.0
baltimore,B-C,2010,connected_node_ratio,-0.05188395456222494,0.014482367414113646,-3.582560300994847,0.000519328112200256,625,105,0.741769617407109,300.0
baltimore,B-C,2010,intersection_density,-15.930957379735641,6.832077219463619,-2.331788249458101,0.0216392431237075,625,105,201.57962038201012,300.0
baltimore,B-C,2010,median_block_length_ft,-2.7304038078800237,6.528712113166626,-0.41821476587603645,0.676652403069395,625,105,223.73493476566895,300.0
baltimore,B-C,2010,walking_circuity,-0.006543705456564877,0.012063897532282139,-0.5424205103743946,0.5886892974503095,625,105,1.277748223353005,300.0
baltimore,B-C,2010,pedshed_reach,0.00010887465261581533,0.00016114880685163985,0.6756156296959106,0.5007842266518274,625,105,0.004659762741108601,300.0
baltimore,B-C,2020,link_node_ratio,-0.05091153042449993,0.012227447346876186,-4.163708824925473,6.474816098112845e-05,625,105,1.21069101106672,300.0
baltimore,B-C,2020,connected_node_ratio,-0.05188395456222494,0.014482367414113646,-3.582560300994847,0.000519328112200256,625,105,0.741769617407109,300.0
baltimore,B-C,2020,intersection_density,-15.930957379735641,6.832077219463619,-2.331788249458101,0.0216392431237075,625,105,201.57962038201012,300.0
baltimore,B-C,2020,median_block_length_ft,-2.7304038078800237,6.528712113166626,-0.41821476587603645,0.676652403069395,625,105,223.73493476566895,300.0
baltimore,B-C,2020,walking_circuity,-0.0003879403452068928,0.01436538936347733,-0.02700520921439102,0.9785073307865648,625,105,1.2802528367244512,300.0
baltimore,B-C,2020,pedshed_reach,0.00010887465261581533,0.00016114880685163985,0.6756156296959106,0.5007842266518274,625,105,0.004659762741108601,300.0
baltimore,C-D,1940,link_node_ratio,0.01372643352910176,0.01006941542153707,1.3631807760898254,0.1770153636811294,444,74,1.3623387518376862,300.0
baltimore,C-D,1940,connected_node_ratio,0.03245618066811651,0.014003776744945847,2.317673386204931,0.023273172838293277,444,74,0.8465980557137823,300.0
baltimore,C-D,1940,intersection_density,23.974990567173545,6.96653055278835,3.441453444509415,0.0009608195922148437,444,74,264.6904317945889,300.0
baltimore,C-D,1940,median_block_length_ft,-5.877006110893659,2.898802848329675,-2.0273907603892622,0.046273917526267284,444,74,217.90865213039623,300.0
baltimore,C-D,1940,walking_circuity,-0.005862094293047449,0.008257137131623817,-0.7099427076966363,0.4800013837857231,444,74,1.2949286458646572,300.0
baltimore,C-D,1940,pedshed_reach,0.0004190210421518578,0.00022173905581534625,1.889703375037362,0.06276839088424076,444,74,0.00645668247382318,300.0
baltimore,C-D,1950,link_node_ratio,0.01372643352910176,0.01006941542153707,1.3631807760898254,0.1770153636811294,444,74,1.3623387518376862,300.0
baltimore,C-D,1950,connected_node_ratio,0.03245618066811651,0.014003776744945847,2.317673386204931,0.023273172838293277,444,74,0.8465980557137823,300.0
baltimore,C-D,1950,intersection_density,23.974990567173545,6.96653055278835,3.441453444509415,0.0009608195922148437,444,74,264.6904317945889,300.0
baltimore,C-D,1950,median_block_length_ft,-5.877006110893659,2.898802848329675,-2.0273907603892622,0.046273917526267284,444,74,217.90865213039623,300.0
baltimore,C-D,1950,walking_circuity,0.00014145639607551427,0.009493950526602301,0.014899634844225247,0.9881528978146762,444,74,1.2976438454446895,300.0
baltimore,C-D,1950,pedshed_reach,0.0004190210421518578,0.00022173905581534625,1.889703375037362,0.06276839088424076,444,74,0.00645668247382318,300.0
baltimore,C-D,1960,link_node_ratio,0.01372643352910176,0.01006941542153707,1.3631807760898254,0.1770153636811294,444,74,1.3623387518376862,300.0
baltimore,C-D,1960,connected_node_ratio,0.03245618066811651,0.014003776744945847,2.317673386204931,0.023273172838293277,444,74,0.8465980557137823,300.0
baltimore,C-D,1960,intersection_density,23.974990567173545,6.96653055278835,3.441453444509415,0.0009608195922148437,444,74,264.6904317945889,300.0
baltimore,C-D,1960,median_block_length_ft,-5.877006110893659,2.898802848329675,-2.0273907603892622,0.046273917526267284,444,74,217.90865213039623,300.0
baltimore,C-D,1960,walking_circuity,0.003679082072636883,0.007207753909860464,0.5104339186169727,0.6112875598561746,444,74,1.2947358097220112,300.0
baltimore,C-D,1960,pedshed_reach,0.0004190210421518578,0.00022173905581534625,1.889703375037362,0.06276839088424076,444,74,0.00645668247382318,300.0
baltimore,C-D,1970,link_node_ratio,0.01372643352910176,0.01006941542153707,1.3631807760898254,0.1770153636811294,444,74,1.3623387518376862,300.0
baltimore,C-D,1970,connected_node_ratio,0.03245618066811651,0.014003776744945847,2.317673386204931,0.023273172838293277,444,74,0.8465980557137823,300.0
baltimore,C-D,1970,intersection_density,23.974990567173545,6.96653055278835,3.441453444509415,0.0009608195922148437,444,74,264.6904317945889,300.0
baltimore,C-D,1970,median_block_length_ft,-5.877006110893659,2.898802848329675,-2.0273907603892622,0.046273917526267284,444,74,217.90865213039623,300.0
baltimore,C-D,1970,walking_circuity,0.004875518536704119,0.007969440785532174,0.6117767441794911,0.5425861763426723,444,74,1.29182853354516,300.0
baltimore,C-D,1970,pedshed_reach,0.0004190210421518578,0.00022173905581534625,1.889703375037362,0.06276839088424076,444,74,0.00645668247382318,300.0
baltimore,C-D,1980,link_node_ratio,0.01372643352910176,0.01006941542153707,1.3631807760898254,0.1770153636811294,444,74,1.3623387518376862,300.0
baltimore,C-D,1980,connected_node_ratio,0.03245618066811651,0.014003776744945847,2.317673386204931,0.023273172838293277,444,74,0.8465980557137823,300.0
baltimore,C-D,1980,intersection_density,23.974990567173545,6.96653055278835,3.441453444509415,0.0009608195922148437,444,74,264.6904317945889,300.0
baltimore,C-D,1980,median_block_length_ft,-5.877006110893659,2.898802848329675,-2.0273907603892622,0.046273917526267284,444,74,217.90865213039623,300.0
baltimore,C-D,1980,walking_circuity,0.005927024480380242,0.0070642597868995185,0.8390156448339784,0.4041996724086162,444,74,1.2939181637283672,300.0
baltimore,C-D,1980,pedshed_reach,0.0004190210421518578,0.00022173905581534625,1.889703375037362,0.06276839088424076,444,74,0.00645668247382318,300.0
baltimore,C-D,1990,link_node_ratio,0.01372643352910176,0.01006941542153707,1.3631807760898254,0.1770153636811294,444,74,1.3623387518376862,300.0
baltimore,C-D,1990,connected_node_ratio,0.03245618066811651,0.014003776744945847,2.317673386204931,0.023273172838293277,444,74,0.8465980557137823,300.0
baltimore,C-D,1990,intersection_density,23.974990567173545,6.96653055278835,3.441453444509415,0.0009608195922148437,444,74,264.6904317945889,300.0
baltimore,C-D,1990,median_block_length_ft,-5.877006110893659,2.898802848329675,-2.0273907603892622,0.046273917526267284,444,74,217.90865213039623,300.0
baltimore,C-D,1990,walking_circuity,0.01186548661720061,0.008983635703488455,1.320788933214767,0.19069738087938118,444,74,1.2967597392062395,300.0
baltimore,C-D,1990,pedshed_reach,0.0004190210421518578,0.00022173905581534625,1.889703375037362,0.06276839088424076,444,74,0.00645668247382318,300.0
baltimore,C-D,2000,link_node_ratio,0.01372643352910176,0.01006941542153707,1.3631807760898254,0.1770153636811294,444,74,1.3623387518376862,300.0
baltimore,C-D,2000,connected_node_ratio,0.03245618066811651,0.014003776744945847,2.317673386204931,0.023273172838293277,444,74,0.8465980557137823,300.0
baltimore,C-D,2000,intersection_density,23.974990567173545,6.96653055278835,3.441453444509415,0.0009608195922148437,444,74,264.6904317945889,300.0
baltimore,C-D,2000,median_block_length_ft,-5.877006110893659,2.898802848329675,-2.0273907603892622,0.046273917526267284,444,74,217.90865213039623,300.0
baltimore,C-D,2000,walking_circuity,0.0029417665264812373,0.006907378738907985,0.42588753819315156,0.6714428778650947,444,74,1.2944106119789784,300.0
baltimore,C-D,2000,pedshed_reach,0.0004190210421518578,0.00022173905581534625,1.889703375037362,0.06276839088424076,444,74,0.00645668247382318,300.0
baltimore,C-D,2010,link_node_ratio,0.01372643352910176,0.01006941542153707,1.3631807760898254,0.1770153636811294,444,74,1.3623387518376862,300.0
baltimore,C-D,2010,connected_node_ratio,0.03245618066811651,0.014003776744945847,2.317673386204931,0.023273172838293277,444,74,0.8465980557137823,300.0
baltimore,C-D,2010,intersection_density,23.974990567173545,6.96653055278835,3.441453444509415,0.0009608195922148437,444,74,264.6904317945889,300.0
baltimore,C-D,2010,median_block_length_ft,-5.877006110893659,2.898802848329675,-2.0273907603892622,0.046273917526267284,444,74,217.90865213039623,300.0
baltimore,C-D,2010,walking_circuity,0.0032393623572738186,0.008405923221424668,0.3853666363520269,0.7010864377034,444,74,1.2941615581239876,300.0
baltimore,C-D,2010,pedshed_reach,0.0004190210421518578,0.00022173905581534625,1.889703375037362,0.06276839088424076,444,74,0.00645668247382318,300.0
baltimore,C-D,2020,link_node_ratio,0.01372643352910176,0.01006941542153707,1.3631807760898254,0.1770153636811294,444,74,1.3623387518376862,300.0
baltimore,C-D,2020,connected_node_ratio,0.03245618066811651,0.014003776744945847,2.317673386204931,0.023273172838293277,444,74,0.8465980557137823,300.0
baltimore,C-D,2020,intersection_density,23.974990567173545,6.96653055278835,3.441453444509415,0.0009608195922148437,444,74,264.6904317945889,300.0
baltimore,C-D,2020,median_block_length_ft,-5.877006110893659,2.898802848329675,-2.0273907603892622,0.046273917526267284,444,74,217.90865213039623,300.0
baltimore,C-D,2020,walking_circuity,0.006298300754168769,0.00883105932887279,0.7131987816656071,0.47799655737773544,444,74,1.2925370988249236,300.0
baltimore,C-D,2020,pedshed_reach,0.0004190210421518578,0.00022173905581534625,1.889703375037362,0.06276839088424076,444,74,0.00645668247382318,300.0
detroit,B-C,1940,link_node_ratio,-0.01364415578473514,0.01263615409849398,-1.07977124039357,0.28112013158467863,1722,298,0.9681019387150194,300.0
detroit,B-C,1940,connected_node_ratio,-0.02662454745101831,0.021868247589057664,-1.2174979884689334,0.22438124192164494,1722,298,0.47419772728156695,300.0
detroit,B-C,1940,intersection_density,-0.6563468611812383,2.466055294840731,-0.26615253216519147,0.790306411094057,1722,298,47.7000151841744,300.0
detroit,B-C,1940,median_block_length_ft,8.886182579262808,4.557882260358074,1.9496296902072008,0.05216117383840551,1722,298,301.38796978366094,300.0
detroit,B-C,1940,walking_circuity,0.012219808212860271,0.013698712123030227,0.8920406606922101,0.3730932806703925,1722,298,1.1253929691613584,300.0
detroit,B-C,1940,pedshed_reach,-7.13828272932006e-06,7.766431981856202e-05,-0.09191199698904706,0.9268299222726011,1722,298,0.0019159121492810613,300.0
detroit,B-C,1950,link_node_ratio,-0.01364415578473514,0.01263615409849398,-1.07977124039357,0.28112013158467863,1722,298,0.9681019387150194,300.0
detroit,B-C,1950,connected_node_ratio,-0.02662454745101831,0.021868247589057664,-1.2174979884689334,0.22438124192164494,1722,298,0.47419772728156695,300.0
detroit,B-C,1950,intersection_density,-0.6563468611812383,2.466055294840731,-0.26615253216519147,0.790306411094057,1722,298,47.7000151841744,300.0
detroit,B-C,1950,median_block_length_ft,8.886182579262808,4.557882260358074,1.9496296902072008,0.05216117383840551,1722,298,301.38796978366094,300.0
detroit,B-C,1950,walking_circuity,0.011983218547237566,0.014563239165357171,0.8228401944907338,0.41125903871291103,1722,298,1.1254606208071196,300.0
detroit,B-C,1950,pedshed_reach,-7.13828272932006e-06,7.766431981856202e-05,-0.09191199698904706,0.9268299222726011,1722,298,0.0019159121492810613,300.0
detroit,B-C,1960,link_node_ratio,-0.01364415578473514,0.01263615409849398,-1.07977124039357,0.28112013158467863,1722,298,0.9681019387150194,300.0
detroit,B-C,1960,connected_node_ratio,-0.02662454745101831,0.021868247589057664,-1.2174979884689334,0.22438124192164494,1722,298,0.47419772728156695,300.0
detroit,B-C,1960,intersection_density,-0.6563468611812383,2.466055294840731,-0.26615253216519147,0.790306411094057,1722,298,47.7000151841744,300.0
detroit,B-C,1960,median_block_length_ft,8.886182579262808,4.557882260358074,1.9496296902072008,0.05216117383840551,1722,298,301.38796978366094,300.0
detroit,B-C,1960,walking_circuity,0.0013965666225045797,0.013119986265260196,0.10644573814855918,0.9153005674514934,1722,298,1.1268165886051846,300.0
detroit,B-C,1960,pedshed_reach,-7.13828272932006e-06,7.766431981856202e-05,-0.09191199698904706,0.9268299222726011,1722,298,0.0019159121492810613,300.0
detroit,B-C,1970,link_node_ratio,-0.01364415578473514,0.01263615409849398,-1.07977124039357,0.28112013158467863,1722,298,0.9681019387150194,300.0
detroit,B-C,1970,connected_node_ratio,-0.02662454745101831,0.021868247589057664,-1.2174979884689334,0.22438124192164494,1722,298,0.47419772728156695,300.0
detroit,B-C,1970,intersection_density,-0.6563468611812383,2.466055294840731,-0.26615253216519147,0.790306411094057,1722,298,47.7000151841744,300.0
detroit,B-C,1970,median_block_length_ft,8.886182579262808,4.557882260358074,1.9496296902072008,0.05216117383840551,1722,298,301.38796978366094,300.0
detroit,B-C,1970,walking_circuity,0.006489246669468114,0.013048737406746684,0.4973083959918552,0.6193395476411037,1722,298,1.1251803066644706,300.0
detroit,B-C,1970,pedshed_reach,-7.13828272932006e-06,7.766431981856202e-05,-0.09191199698904706,0.9268299222726011,1722,298,0.0019159121492810613,300.0
detroit,B-C,1980,link_node_ratio,-0.01364415578473514,0.01263615409849398,-1.07977124039357,0.28112013158467863,1722,298,0.9681019387150194,300.0
detroit,B-C,1980,connected_node_ratio,-0.02662454745101831,0.021868247589057664,-1.2174979884689334,0.22438124192164494,1722,298,0.47419772728156695,300.0
detroit,B-C,1980,intersection_density,-0.6563468611812383,2.466055294840731,-0.26615253216519147,0.790306411094057,1722,298,47.7000151841744,300.0
detroit,B-C,1980,median_block_length_ft,8.886182579262808,4.557882260358074,1.9496296902072008,0.05216117383840551,1722,298,301.38796978366094,300.0
detroit,B-C,1980,walking_circuity,0.018128855954601692,0.013236513906614204,1.3696095575091576,0.1718434495701947,1722,298,1.1273517855541593,300.0
detroit,B-C,1980,pedshed_reach,-7.13828272932006e-06,7.766431981856202e-05,-0.09191199698904706,0.9268299222726011,1722,298,0.0019159121492810613,300.0
detroit,B-C,1990,link_node_ratio,-0.01364415578473514,0.01263615409849398,-1.07977124039357,0.28112013158467863,1722,298,0.9681019387150194,300.0
detroit,B-C,1990,connected_node_ratio,-0.02662454745101831,0.021868247589057664,-1.2174979884689334,0.22438124192164494,1722,298,0.47419772728156695,300.0
detroit,B-C,1990,intersection_density,-0.6563468611812383,2.466055294840731,-0.26615253216519147,0.790306411094057,1722,298,47.7000151841744,300.0
detroit,B-C,1990,median_block_length_ft,8.886182579262808,4.557882260358074,1.9496296902072008,0.05216117383840551,1722,298,301.38796978366094,300.0
detroit,B-C,1990,walking_circuity,0.011309750986369185,0.015327435045882081,0.73787629518663,0.4611722202171161,1722,298,1.124068240343894,300.0
detroit,B-C,1990,pedshed_reach,-7.13828272932006e-06,7.766431981856202e-05,-0.09191199698904706,0.9268299222726011,1722,298,0.0019159121492810613,300.0
detroit,B-C,2000,link_node_ratio,-0.01364415578473514,0.01263615409849398,-1.07977124039357,0.28112013158467863,1722,298,0.9681019387150194,300.0
detroit,B-C,2000,connected_node_ratio,-0.02662454745101831,0.021868247589057664,-1.2174979884689334,0.22438124192164494,1722,298,0.47419772728156695,300.0
detroit,B-C,2000,intersection_density,-0.6563468611812383,2.466055294840731,-0.26615253216519147,0.790306411094057,1722,298,47.7000151841744,300.0
detroit,B-C,2000,median_block_length_ft,8.886182579262808,4.557882260358074,1.9496296902072008,0.05216117383840551,1722,298,301.38796978366094,300.0
detroit,B-C,2000,walking_circuity,0.008694312527606853,0.012318625242137815,0.7057859425633451,0.4808744873567369,1722,298,1.1254957255511708,300.0
detroit,B-C,2000,pedshed_reach,-7.13828272932006e-06,7.766431981856202e-05,-0.09191199698904706,0.9268299222726011,1722,298,0.0019159121492810613,300.0
detroit,B-C,2010,link_node_ratio,-0.01364415578473514,0.01263615409849398,-1.07977124039357,0.28112013158467863,1722,298,0.9681019387150194,300.0
detroit,B-C,2010,connected_node_ratio,-0.02662454745101831,0.021868247589057664,-1.2174979884689334,0.22438124192164494,1722,298,0.47419772728156695,300.0
detroit,B-C,2010,intersection_density,-0.6563468611812383,2.466055294840731,-0.26615253216519147,0.790306411094057,1722,298,47.7000151841744,300.0
detroit,B-C,2010,median_block_length_ft,8.886182579262808,4.557882260358074,1.9496296902072008,0.05216117383840551,1722,298,301.38796978366094,300.0
detroit,B-C,2010,walking_circuity,-0.004210107263722999,0.012824746471646697,-0.3282799603899243,0.7429313159358393,1722,298,1.1247767317830475,300.0
detroit,B-C,2010,pedshed_reach,-7.13828272932006e-06,7.766431981856202e-05,-0.09191199698904706,0.9268299222726011,1722,298,0.0019159121492810613,300.0
detroit,B-C,2020,link_node_ratio,-0.01364415578473514,0.01263615409849398,-1.07977124039357,0.28112013158467863,1722,298,0.9681019387150194,300.0
detroit,B-C,2020,connected_node_ratio,-0.02662454745101831,0.021868247589057664,-1.2174979884689334,0.22438124192164494,1722,298,0.47419772728156695,300.0
detroit,B-C,2020,intersection_density,-0.6563468611812383,2.466055294840731,-0.26615253216519147,0.790306411094057,1722,298,47.7000151841744,300.0
detroit,B-C,2020,median_block_length_ft,8.886182579262808,4.557882260358074,1.9496296902072008,0.05216117383840551,1722,298,301.38796978366094,300.0
detroit,B-C,2020,walking_circuity,-0.003987581195978565,0.012315918803245599,-0.32377456036229496,0.7463365937674855,1722,298,1.1237835093349162,300.0
detroit,B-C,2020,pedshed_reach,-7.13828272932006e-06,7.766431981856202e-05,-0.09191199698904706,0.9268299222726011,1722,298,0.0019159121492810613,300.0
detroit,C-D,1940,link_node_ratio,-0.006655025586958859,0.014198303168673357,-0.4687197834768225,0.639617295089978,1640,295,0.9965185019156025,300.0
detroit,C-D,1940,connected_node_ratio,-0.005755165167685042,0.0237116326098535,-0.2427148422202464,0.8083955485497828,1636,295,0.49954580780795066,300.0
detroit,C-D,1940,intersection_density,0.1223208417750579,2.783803466919362,0.04394018587469528,0.964981910745386,1640,295,55.295772387188215,300.0
detroit,C-D,1940,median_block_length_ft,-5.308551119208445,4.155945627530788,-1.2773389247545246,0.20249040500607546,1640,295,299.03775589601565,300.0
detroit,C-D,1940,walking_circuity,0.002734321046307652,0.01163002675802886,0.2351087493775538,0.8142879988976715,1640,295,1.1504028902179064,300.0
detroit,C-D,1940,pedshed_reach,-8.249467530383767e-05,8.608704104379623e-05,-0.9582705399511761,0.3387137128776181,1640,295,0.002223476385910306,300.0
detroit,C-D,1950,link_node_ratio,-0.005952279153436723,0.014123475378181758,-0.42144578399109395,0.6737375531688046,1650,295,0.9949764675679016,300.0
detroit,C-D,1950,connected_node_ratio,-0.005431763397607475,0.023559696604047168,-0.23055319806938376,0.8178222775773782,1646,295,0.4973357535953153,300.0
detroit,C-D,1950,intersection_density,0.12422170415451127,2.7691631398236694,0.04485893314411995,0.964250203612371,1650,295,54.996488412152736,300.0
detroit,C-D,1950,median_block_length_ft,-4.953533827430644,4.152792289995259,-1.1928200308415375,0.2339016300092603,1650,295,298.53018746325705,300.0
detroit,C-D,1950,walking_circuity,0.0035648060987267007,0.011806493159658335,0.30193606607144824,0.7629142744062548,1650,295,1.150852927190375,300.0
detroit,C-D,1950,pedshed_reach,-8.15799273589704e-05,8.562871686450039e-05,-0.9527169195827513,0.34151612676348725,1650,295,0.0022132930485890398,300.0
detroit,C-D,1960,link_node_ratio,-0.005952279153436723,0.014123475378181758,-0.42144578399109395,0.6737375531688046,1650,295,0.9949764675679016,300.0
detroit,C-D,1960,connected_node_ratio,-0.005431763397607475,0.023559696604047168,-0.23055319806938376,0.8178222775773782,1646,295,0.4973357535953153,300.0
detroit,C-D,1960,intersection_density,0.12422170415451127,2.7691631398236694,0.04485893314411995,0.964250203612371,1650,295,54.996488412152736,300.0
detroit,C-D,1960,median_block_length_ft,-4.953533827430644,4.152792289995259,-1.1928200308415375,0.2339016300092603,1650,295,298.53018746325705,300.0
detroit,C-D,1960,walking_circuity,0.01073830769060711,0.012322672817486337,0.87142682838816,0.38423218021390515,1650,295,1.1501791634815164,300.0
detroit,C-D,1960,pedshed_reach,-8.15799273589704e-05,8.562871686450039e-05,-0.9527169195827513,0.34151612676348725,1650,295,0.0022132930485890398,300.0
detroit,C-D,1970,link_node_ratio,-0.005952279153436723,0.014123475378181758,-0.42144578399109395,0.6737375531688046,1650,295,0.9949764675679016,300.0
detroit,C-D,1970,connected_node_ratio,-0.005431763397607475,0.023559696604047168,-0.23055319806938376,0.8178222775773782,1646,295,0.4973357535953153,300.0
detroit,C-D,1970,intersection_density,0.12422170415451127,2.7691631398236694,0.04485893314411995,0.964250203612371,1650,295,54.996488412152736,300.0
detroit,C-D,1970,median_block_length_ft,-4.953533827430644,4.152792289995259,-1.1928200308415375,0.2339016300092603,1650,295,298.53018746325705,300.0
detroit,C-D,1970,walking_circuity,0.00347676640270688,0.012579025111744939,0.2763939472114298,0.7824397042872911,1650,295,1.148304885574428,300.0
detroit,C-D,1970,pedshed_reach,-8.15799273589704e-05,8.562871686450039e-05,-0.9527169195827513,0.34151612676348725,1650,295,0.0022132930485890398,300.0
detroit,C-D,1980,link_node_ratio,-0.005952279153436723,0.014123475378181758,-0.42144578399109395,0.6737375531688046,1650,295,0.9949764675679016,300.0
detroit,C-D,1980,connected_node_ratio,-0.005431763397607475,0.023559696604047168,-0.23055319806938376,0.8178222775773782,1646,295,0.4973357535953153,300.0
detroit,C-D,1980,intersection_density,0.12422170415451127,2.7691631398236694,0.04485893314411995,0.964250203612371,1650,295,54.996488412152736,300.0
detroit,C-D,1980,median_block_length_ft,-4.953533827430644,4.152792289995259,-1.1928200308415375,0.2339016300092603,1650,295,298.53018746325705,300.0
detroit,C-D,1980,walking_circuity,-0.021091210918698308,0.012446265625605545,-1.6945814554453689,0.09121375514028743,1650,295,1.1510611481810564,300.0
detroit,C-D,1980,pedshed_reach,-8.15799273589704e-05,8.562871686450039e-05,-0.9527169195827513,0.34151612676348725,1650,295,0.0022132930485890398,300.0
detroit,C-D,1990,link_node_ratio,-0.005952279153436723,0.014123475378181758,-0.42144578399109395,0.6737375531688046,1650,295,0.9949764675679016,300.0
detroit,C-D,1990,connected_node_ratio,-0.005431763397607475,0.023559696604047168,-0.23055319806938376,0.8178222775773782,1646,295,0.4973357535953153,300.0
detroit,C-D,1990,intersection_density,0.12422170415451127,2.7691631398236694,0.04485893314411995,0.964250203612371,1650,295,54.996488412152736,300.0
detroit,C-D,1990,median_block_length_ft,-4.953533827430644,4.152792289995259,-1.1928200308415375,0.2339016300092603,1650,295,298.53018746325705,300.0
detroit,C-D,1990,walking_circuity,0.006234844461552423,0.014072505811580331,0.4430514753400734,0.6580543256120271,1650,295,1.1517825500573136,300.0
detroit,C-D,1990,pedshed_reach,-8.15799273589704e-05,8.562871686450039e-05,-0.9527169195827513,0.34151612676348725,1650,295,0.0022132930485890398,300.0
detroit,C-D,2000,link_node_ratio,-0.005952279153436723,0.014123475378181758,-0.42144578399109395,0.6737375531688046,1650,295,0.9949764675679016,300.0
detroit,C-D,2000,connected_node_ratio,-0.005431763397607475,0.023559696604047168,-0.23055319806938376,0.8178222775773782,1646,295,0.4973357535953153,300.0
detroit,C-D,2000,intersection_density,0.12422170415451127,2.7691631398236694,0.04485893314411995,0.964250203612371,1650,295,54.996488412152736,300.0
detroit,C-D,2000,median_block_length_ft,-4.953533827430644,4.152792289995259,-1.1928200308415375,0.2339016300092603,1650,295,298.53018746325705,300.0
detroit,C-D,2000,walking_circuity,-0.0048491452677389465,0.012725882961670805,-0.3810458796724855,0.703444407516716,1650,295,1.1523581392792885,300.0
detroit,C-D,2000,pedshed_reach,-8.15799273589704e-05,8.562871686450039e-05,-0.9527169195827513,0.34151612676348725,1650,295,0.0022132930485890398,300.0
detroit,C-D,2010,link_node_ratio,-0.005952279153436723,0.014123475378181758,-0.42144578399109395,0.6737375531688046,1650,295,0.9949764675679016,300.0
detroit,C-D,2010,connected_node_ratio,-0.005431763397607475,0.023559696604047168,-0.23055319806938376,0.8178222775773782,1646,295,0.4973357535953153,300.0
detroit,C-D,2010,intersection_density,0.12422170415451127,2.7691631398236694,0.04485893314411995,0.964250203612371,1650,295,54.996488412152736,300.0
detroit,C-D,2010,median_block_length_ft,-4.953533827430644,4.152792289995259,-1.1928200308415375,0.2339016300092603,1650,295,298.53018746325705,300.0
detroit,C-D,2010,walking_circuity,-0.006706671247026236,0.011708910812624864,-0.5727835282334649,0.5672290575631208,1650,295,1.14917011410157,300.0
detroit,C-D,2010,pedshed_reach,-8.15799273589704e-05,8.562871686450039e-05,-0.9527169195827513,0.34151612676348725,1650,295,0.0022132930485890398,300.0
detroit,C-D,2020,link_node_ratio,-0.005952279153436723,0.014123475378181758,-0.42144578399109395,0.6737375531688046,1650,295,0.9949764675679016,300.0
detroit,C-D,2020,connected_node_ratio,-0.005431763397607475,0.023559696604047168,-0.23055319806938376,0.8178222775773782,1646,295,0.4973357535953153,300.0
detroit,C-D,2020,intersection_density,0.12422170415451127,2.7691631398236694,0.04485893314411995,0.964250203612371,1650,295,54.996488412152736,300.0
detroit,C-D,2020,median_block_length_ft,-4.953533827430644,4.152792289995259,-1.1928200308415375,0.2339016300092603,1650,295,298.53018746325705,300.0
detroit,C-D,2020,walking_circuity,-0.00020617380959796243,0.012784214123113166,-0.016127218115442182,0.9871438380563453,1650,295,1.1519555102379366,300.0
detroit,C-D,2020,pedshed_reach,-8.15799273589704e-05,8.562871686450039e-05,-0.9527169195827513,0.34151612676348725,1650,295,0.0022132930485890398,300.0
atlanta,B-C,1940,link_node_ratio,0.008763460245656843,0.014816154425004975,0.5914800827714712,0.5546846844144282,1385,276,0.8759628830368009,300.0
atlanta,B-C,1940,connected_node_ratio,0.024379318824059096,0.023266642168694507,1.047822829237547,0.29564028279354476,1380,276,0.3680214972193581,300.0
atlanta,B-C,1940,intersection_density,1.29741753504548,2.2023906318266833,0.5890951025202055,0.5562810789667976,1385,276,29.68611884179877,300.0
atlanta,B-C,1940,median_block_length_ft,4.965227506499483,8.199677486423479,0.6055393659958701,0.545320090942842,1385,276,346.2730288361004,300.0
atlanta,B-C,1940,walking_circuity,0.004788880464498082,0.017869996451833424,0.2679844104841304,0.7889122154871372,1385,276,1.1698238102841232,300.0
atlanta,B-C,1940,pedshed_reach,1.4663930724483942e-06,7.328444014533635e-05,0.020009610082853475,0.9840502166006908,1385,276,0.0015880857485658058,300.0
atlanta,B-C,1950,link_node_ratio,0.008763460245656843,0.014816154425004975,0.5914800827714712,0.5546846844144282,1385,276,0.8759628830368009,300.0
atlanta,B-C,1950,connected_node_ratio,0.024379318824059096,0.023266642168694507,1.047822829237547,0.29564028279354476,1380,276,0.3680214972193581,300.0
atlanta,B-C,1950,intersection_density,1.29741753504548,2.2023906318266833,0.5890951025202055,0.5562810789667976,1385,276,29.68611884179877,300.0
atlanta,B-C,1950,median_block_length_ft,4.965227506499483,8.199677486423479,0.6055393659958701,0.545320090942842,1385,276,346.2730288361004,300.0
atlanta,B-C,1950,walking_circuity,0.004608465888902401,0.015147098341460512,0.30424743967550183,0.7611694809702629,1385,276,1.1686273627128145,300.0
atlanta,B-C,1950,pedshed_reach,1.4663930724483942e-06,7.328444014533635e-05,0.020009610082853475,0.9840502166006908,1385,276,0.0015880857485658058,300.0
atlanta,B-C,1960,link_node_ratio,0.008763460245656843,0.014816154425004975,0.5914800827714712,0.5546846844144282,1385,276,0.8759628830368009,300.0
atlanta,B-C,1960,connected_node_ratio,0.024379318824059096,0.023266642168694507,1.047822829237547,0.29564028279354476,1380,276,0.3680214972193581,300.0
atlanta,B-C,1960,intersection_density,1.29741753504548,2.2023906318266833,0.5890951025202055,0.5562810789667976,1385,276,29.68611884179877,300.0
atlanta,B-C,1960,median_block_length_ft,4.965227506499483,8.199677486423479,0.6055393659958701,0.545320090942842,1385,276,346.2730288361004,300.0
atlanta,B-C,1960,walking_circuity,7.292545920978695e-05,0.016244916110722655,0.004489125010725762,0.9964214632236243,1385,276,1.1700814983917116,300.0
atlanta,B-C,1960,pedshed_reach,1.4663930724483942e-06,7.328444014533635e-05,0.020009610082853475,0.9840502166006908,1385,276,0.0015880857485658058,300.0
atlanta,B-C,1970,link_node_ratio,0.008763460245656843,0.014816154425004975,0.5914800827714712,0.5546846844144282,1385,276,0.8759628830368009,300.0
atlanta,B-C,1970,connected_node_ratio,0.024379318824059096,0.023266642168694507,1.047822829237547,0.29564028279354476,1380,276,0.3680214972193581,300.0
atlanta,B-C,1970,intersection_density,1.29741753504548,2.2023906318266833,0.5890951025202055,0.5562810789667976,1385,276,29.68611884179877,300.0
atlanta,B-C,1970,median_block_length_ft,4.965227506499483,8.199677486423479,0.6055393659958701,0.545320090942842,1385,276,346.2730288361004,300.0
atlanta,B-C,1970,walking_circuity,-0.003855779522181342,0.01711016361343078,-0.22535024265663436,0.8218741896103047,1385,276,1.1710070830348476,300.0
atlanta,B-C,1970,pedshed_reach,1.4663930724483942e-06,7.328444014533635e-05,0.020009610082853475,0.9840502166006908,1385,276,0.0015880857485658058,300.0
atlanta,B-C,1980,link_node_ratio,0.008763460245656843,0.014816154425004975,0.5914800827714712,0.5546846844144282,1385,276,0.8759628830368009,300.0
atlanta,B-C,1980,connected_node_ratio,0.024379318824059096,0.023266642168694507,1.047822829237547,0.29564028279354476,1380,276,0.3680214972193581,300.0
atlanta,B-C,1980,intersection_density,1.29741753504548,2.2023906318266833,0.5890951025202055,0.5562810789667976,1385,276,29.68611884179877,300.0
atlanta,B-C,1980,median_block_length_ft,4.965227506499483,8.199677486423479,0.6055393659958701,0.545320090942842,1385,276,346.2730288361004,300.0
atlanta,B-C,1980,walking_circuity,0.01363896879908158,0.015442954545964695,0.8831838984234721,0.3779083268906882,1385,276,1.1654300295621989,300.0
atlanta,B-C,1980,pedshed_reach,1.4663930724483942e-06,7.328444014533635e-05,0.020009610082853475,0.9840502166006908,1385,276,0.0015880857485658058,300.0
atlanta,B-C,1990,link_node_ratio,0.008763460245656843,0.014816154425004975,0.5914800827714712,0.5546846844144282,1385,276,0.8759628830368009,300.0
atlanta,B-C,1990,connected_node_ratio,0.024379318824059096,0.023266642168694507,1.047822829237547,0.29564028279354476,1380,276,0.3680214972193581,300.0
atlanta,B-C,1990,intersection_density,1.29741753504548,2.2023906318266833,0.5890951025202055,0.5562810789667976,1385,276,29.68611884179877,300.0
atlanta,B-C,1990,median_block_length_ft,4.965227506499483,8.199677486423479,0.6055393659958701,0.545320090942842,1385,276,346.2730288361004,300.0
atlanta,B-C,1990,walking_circuity,0.0029358489266128047,0.014653662579124904,0.20034915576636197,0.8413556043968373,1385,276,1.1691084397416018,300.0
atlanta,B-C,1990,pedshed_reach,1.4663930724483942e-06,7.328444014533635e-05,0.020009610082853475,0.9840502166006908,1385,276,0.0015880857485658058,300.0
atlanta,B-C,2000,link_node_ratio,0.008763460245656843,0.014816154425004975,0.5914800827714712,0.5546846844144282,1385,276,0.8759628830368009,300.0
atlanta,B-C,2000,connected_node_ratio,0.024379318824059096,0.023266642168694507,1.047822829237547,0.29564028279354476,1380,276,0.3680214972193581,300.0
atlanta,B-C,2000,intersection_density,1.29741753504548,2.2023906318266833,0.5890951025202055,0.5562810789667976,1385,276,29.68611884179877,300.0
atlanta,B-C,2000,median_block_length_ft,4.965227506499483,8.199677486423479,0.6055393659958701,0.545320090942842,1385,276,346.2730288361004,300.0
atlanta,B-C,2000,walking_circuity,0.0051776917126007335,0.014763408598747165,0.3507111300191283,0.7260735774909531,1385,276,1.168723314848308,300.0
atlanta,B-C,2000,pedshed_reach,1.4663930724483942e-06,7.328444014533635e-05,0.020009610082853475,0.9840502166006908,1385,276,0.0015880857485658058,300.0
atlanta,B-C,2010,link_node_ratio,0.008763460245656843,0.014816154425004975,0.5914800827714712,0.5546846844144282,1385,276,0.8759628830368009,300.0
atlanta,B-C,2010,connected_node_ratio,0.024379318824059096,0.023266642168694507,1.047822829237547,0.29564028279354476,1380,276,0.3680214972193581,300.0
atlanta,B-C,2010,intersection_density,1.29741753504548,2.2023906318266833,0.5890951025202055,0.5562810789667976,1385,276,29.68611884179877,300.0
atlanta,B-C,2010,median_block_length_ft,4.965227506499483,8.199677486423479,0.6055393659958701,0.545320090942842,1385,276,346.2730288361004,300.0
atlanta,B-C,2010,walking_circuity,-0.008815031674951474,0.01707132957719397,-0.516364682381137,0.6060146887718214,1384,276,1.1676058685548636,300.0
atlanta,B-C,2010,pedshed_reach,1.4663930724483942e-06,7.328444014533635e-05,0.020009610082853475,0.9840502166006908,1385,276,0.0015880857485658058,300.0
atlanta,B-C,2020,link_node_ratio,0.008763460245656843,0.014816154425004975,0.5914800827714712,0.5546846844144282,1385,276,0.8759628830368009,300.0
atlanta,B-C,2020,connected_node_ratio,0.024379318824059096,0.023266642168694507,1.047822829237547,0.29564028279354476,1380,276,0.3680214972193581,300.0
atlanta,B-C,2020,intersection_density,1.29741753504548,2.2023906318266833,0.5890951025202055,0.5562810789667976,1385,276,29.68611884179877,300.0
atlanta,B-C,2020,median_block_length_ft,4.965227506499483,8.199677486423479,0.6055393659958701,0.545320090942842,1385,276,346.2730288361004,300.0
atlanta,B-C,2020,walking_circuity,0.005881726262561627,0.016384983070064557,0.3589705425639145,0.7198925775916304,1385,276,1.1673998957508769,300.0
atlanta,B-C,2020,pedshed_reach,1.4663930724483942e-06,7.328444014533635e-05,0.020009610082853475,0.9840502166006908,1385,276,0.0015880857485658058,300.0
atlanta,C-D,1940,link_node_ratio,-0.028830811685578148,0.012188838314839516,-2.3653453217504383,0.018739293144024446,1531,264,0.9815830743503828,300.0
atlanta,C-D,1940,connected_node_ratio,-0.049628191996202234,0.020977618154071228,-2.3657686793469757,0.018718338324532704,1528,264,0.4924907680149129,300.0
atlanta,C-D,1940,intersection_density,-7.278316840899977,2.7259416844055138,-2.670019275370987,0.008056989572712928,1531,264,55.794607412568546,300.0
atlanta,C-D,1940,median_block_length_ft,-16.035363865424674,6.693076487763588,-2.3958136284174905,0.017282876651330055,1531,264,337.7622173412609,300.0
atlanta,C-D,1940,walking_circuity,0.002425889689577679,0.014303213247412155,0.1696045250542978,0.8654515463986436,1531,264,1.2384044896400506,300.0
atlanta,C-D,1940,pedshed_reach,-0.0002235000301707405,7.771567432672927e-05,-2.8758681193591684,0.004359136043335974,1531,264,0.0022772462177137317,300.0
atlanta,C-D,1950,link_node_ratio,-0.028830811685578148,0.012188838314839516,-2.3653453217504383,0.018739293144024446,1531,264,0.9815830743503828,300.0
atlanta,C-D,1950,connected_node_ratio,-0.049628191996202234,0.020977618154071228,-2.3657686793469757,0.018718338324532704,1528,264,0.4924907680149129,300.0
atlanta,C-D,1950,intersection_density,-7.278316840899977,2.7259416844055138,-2.670019275370987,0.008056989572712928,1531,264,55.794607412568546,300.0
atlanta,C-D,1950,median_block_length_ft,-16.035363865424674,6.693076487763588,-2.3958136284174905,0.017282876651330055,1531,264,337.7622173412609,300.0
atlanta,C-D,1950,walking_circuity,0.02059708268471646,0.012797261619004725,1.6094914129229427,0.10870854897000802,1531,264,1.2375809059133802,300.0
atlanta,C-D,1950,pedshed_reach,-0.0002235000301707405,7.771567432672927e-05,-2.8758681193591684,0.004359136043335974,1531,264,0.0022772462177137317,300.0
atlanta,C-D,1960,link_node_ratio,-0.029143733957482994,0.012209067834827602,-2.3870564363929194,0.017690895303608605,1531,264,0.9814846862480935,300.0
atlanta,C-D,1960,connected_node_ratio,-0.049628191996202234,0.020977618154071228,-2.3657686793469757,0.018718338324532704,1528,264,0.4924907680149129,300.0
atlanta,C-D,1960,intersection_density,-7.278316840899977,2.7259416844055138,-2.670019275370987,0.008056989572712928,1531,264,55.794607412568546,300.0
atlanta,C-D,1960,median_block_length_ft,-16.035363865424674,6.693076487763588,-2.3958136284174905,0.017282876651330055,1531,264,337.7622173412609,300.0
atlanta,C-D,1960,walking_circuity,0.003803273404869955,0.013755169324407355,0.2764977526028252,0.7823829503307608,1531,264,1.2348853488764,300.0
atlanta,C-D,1960,pedshed_reach,-0.0002235000301707405,7.771567432672927e-05,-2.8758681193591684,0.004359136043335974,1531,264,0.0022772462177137317,300.0
atlanta,C-D,1970,link_node_ratio,-0.029635156111299188,0.012213587861138712,-2.4264087218459824,0.015921795384142966,1531,264,0.9809273256777291,300.0
atlanta,C-D,1970,connected_node_ratio,-0.051260946369372985,0.020936987749595518,-2.448343906126768,0.015005184745721404,1528,264,0.4915984925379469,300.0
atlanta,C-D,1970,intersection_density,-7.278316840899977,2.7259416844055138,-2.670019275370987,0.008056989572712928,1531,264,55.794607412568546,300.0
atlanta,C-D,1970,median_block_length_ft,-16.331296911853077,6.719585718282726,-2.4304023486773443,0.015751314434962898,1531,264,337.7922188660765,300.0
atlanta,C-D,1970,walking_circuity,0.00037347617062670366,0.014978577132644772,0.024934021924735306,0.9801264980248624,1531,264,1.2382365698375046,300.0
atlanta,C-D,1970,pedshed_reach,-0.0002230514233458161,7.769721279388065e-05,-2.8707776678880226,0.00442774395983635,1531,264,0.0022771733692756044,300.0
atlanta,C-D,1980,link_node_ratio,-0.028173544595357165,0.012149138873574265,-2.3189746111667033,0.021151580308318624,1545,268,0.9790717126526015,300.0
atlanta,C-D,1980,connected_node_ratio,-0.05076618820995821,0.020733487927089986,-2.4485117211575416,0.01498848771557193,1542,268,0.4868276469112356,300.0
atlanta,C-D,1980,intersection_density,-7.230090056968219,2.697460504780443,-2.6803321287392508,0.007812349641414021,1545,268,55.255702640393075,300.0
atlanta,C-D,1980,median_block_length_ft,-15.394169559838272,6.65025857249266,-2.3148227083248893,0.021381391854359874,1545,268,337.17055893120954,300.0
atlanta,C-D,1980,walking_circuity,-0.007951376890228812,0.01507198862619749,-0.5275599051612915,0.5982429393339429,1545,268,1.2362013220958135,300.0
atlanta,C-D,1980,pedshed_reach,-0.00021469407528504122,7.712618477960696e-05,-2.7836729626720595,0.0057588140886050704,1545,268,0.002263543561621082,300.0
atlanta,C-D,1990,link_node_ratio,-0.028173544595357165,0.012149138873574265,-2.3189746111667033,0.021151580308318624,1545,268,0.9790717126526015,300.0
atlanta,C-D,1990,connected_node_ratio,-0.05076618820995821,0.020733487927089986,-2.4485117211575416,0.01498848771557193,1542,268,0.4868276469112356,300.0
atlanta,C-D,1990,intersection_density,-7.230090056968219,2.697460504780443,-2.6803321287392508,0.007812349641414021,1545,268,55.255702640393075,300.0
atlanta,C-D,1990,median_block_length_ft,-15.394169559838272,6.65025857249266,-2.3148227083248893,0.021381391854359874,1545,268,337.17055893120954,300.0
atlanta,C-D,1990,walking_circuity,0.004231264237726917,0.014854202981857181,0.28485299702009953,0.7759775860018141,1545,268,1.2347984783085217,300.0
atlanta,C-D,1990,pedshed_reach,-0.00021469407528504122,7.712618477960696e-05,-2.7836729626720595,0.0057588140886050704,1545,268,0.002263543561621082,300.0
atlanta,C-D,2000,link_node_ratio,-0.028173544595357165,0.012149138873574265,-2.3189746111667033,0.021151580308318624,1545,268,0.9790717126526015,300.0
atlanta,C-D,2000,connected_node_ratio,-0.05076618820995821,0.020733487927089986,-2.4485117211575416,0.01498848771557193,1542,268,0.4868276469112356,300.0
atlanta,C-D,2000,intersection_density,-7.230090056968219,2.697460504780443,-2.6803321287392508,0.007812349641414021,1545,268,55.255702640393075,300.0
atlanta,C-D,2000,median_block_length_ft,-15.394169559838272,6.65025857249266,-2.3148227083248893,0.021381391854359874,1545,268,337.17055893120954,300.0
atlanta,C-D,2000,walking_circuity,0.003734380251984723,0.013259410673062964,0.2816399871806723,0.7784377341859644,1545,268,1.237653979264741,300.0
atlanta,C-D,2000,pedshed_reach,-0.00021469407528504122,7.712618477960696e-05,-2.7836729626720595,0.0057588140886050704,1545,268,0.002263543561621082,300.0
atlanta,C-D,2010,link_node_ratio,-0.028173544595357165,0.012149138873574265,-2.3189746111667033,0.021151580308318624,1545,268,0.9790717126526015,300.0
atlanta,C-D,2010,connected_node_ratio,-0.05076618820995821,0.020733487927089986,-2.4485117211575416,0.01498848771557193,1542,268,0.4868276469112356,300.0
atlanta,C-D,2010,intersection_density,-7.230090056968219,2.697460504780443,-2.6803321287392508,0.007812349641414021,1545,268,55.255702640393075,300.0
atlanta,C-D,2010,median_block_length_ft,-15.394169559838272,6.65025857249266,-2.3148227083248893,0.021381391854359874,1545,268,337.17055893120954,300.0
atlanta,C-D,2010,walking_circuity,0.008085632307439153,0.015592485161526844,0.5185595640257382,0.6044973978113175,1545,268,1.2383719623473248,300.0
atlanta,C-D,2010,pedshed_reach,-0.00021469407528504122,7.712618477960696e-05,-2.7836729626720595,0.0057588140886050704,1545,268,0.002263543561621082,300.0
atlanta,C-D,2020,link_node_ratio,-0.028173544595357165,0.012149138873574265,-2.3189746111667033,0.021151580308318624,1545,268,0.9790717126526015,300.0
atlanta,C-D,2020,connected_node_ratio,-0.05076618820995821,0.020733487927089986,-2.4485117211575416,0.01498848771557193,1542,268,0.4868276469112356,300.0
atlanta,C-D,2020,intersection_density,-7.230090056968219,2.697460504780443,-2.6803321287392508,0.007812349641414021,1545,268,55.255702640393075,300.0
atlanta,C-D,2020,median_block_length_ft,-15.394169559838272,6.65025857249266,-2.3148227083248893,0.021381391854359874,1545,268,337.17055893120954,300.0
atlanta,C-D,2020,walking_circuity,0.004997843973393952,0.013674593580263288,0.36548391321899343,0.7150395840505428,1545,268,1.2382829139572686,300.0
atlanta,C-D,2020,pedshed_reach,-0.00021469407528504122,7.712618477960696e-05,-2.7836729626720595,0.0057588140886050704,1545,268,0.002263543561621082,300.0
los_angeles,B-C,1940,link_node_ratio,-0.020801389981487325,0.012725005159365654,-1.6346861726949808,0.10316719467455782,1745,300,1.0007803087655915,300.0
los_angeles,B-C,1940,connected_node_ratio,-0.05171709510744223,0.019963465513231842,-2.590587043775741,0.010050836950355623,1744,300,0.5207503868828539,300.0
los_angeles,B-C,1940,intersection_density,-3.8861879606396315,2.63859577250164,-1.4728242958394324,0.14185029223863,1745,300,65.87440664212725,300.0
los_angeles,B-C,1940,median_block_length_ft,-1.0433684861126202,5.103554072663683,-0.20443958685600014,0.8381490865119016,1745,300,293.7948478926346,300.0
los_angeles,B-C,1940,walking_circuity,-0.0011275731252602763,0.013994720453817864,-0.08057132180533595,0.9358367761523565,1745,300,1.2064607003484344,300.0
los_angeles,B-C,1940,pedshed_reach,-0.0001364118592329672,8.196422112968318e-05,-1.664285432751656,0.09710297555283406,1745,300,0.002351033414763705,300.0
los_angeles,B-C,1950,link_node_ratio,-0.019825440039064012,0.012617792511456515,-1.5712288834249892,0.11718707092165773,1746,300,1.0006088042526697,300.0
los_angeles,B-C,1950,connected_node_ratio,-0.05081566960495256,0.01979763061683748,-2.5667551126918626,0.010752143130710894,1745,300,0.5206016010580303,300.0
los_angeles,B-C,1950,intersection_density,-3.817518550400148,2.63135900429036,-1.4507783028373502,0.14788986983144337,1746,300,65.85560150177838,300.0
los_angeles,B-C,1950,median_block_length_ft,-0.7832044923130123,5.110185072803713,-0.15326343002354426,0.8782939204944944,1746,300,293.76070811067933,300.0
los_angeles,B-C,1950,walking_circuity,-0.004042713440480008,0.013181194985742247,-0.3067031058149815,0.7592828413024179,1746,300,1.2077897582674597,300.0
los_angeles,B-C,1950,pedshed_reach,-0.0001340778696466387,8.177911970296682e-05,-1.6395122634436299,0.10215828287251771,1746,300,0.002350516500957797,300.0
los_angeles,B-C,1960,link_node_ratio,-0.019825440039064012,0.012617792511456515,-1.5712288834249892,0.11718707092165773,1746,300,1.0006088042526697,300.0
los_angeles,B-C,1960,connected_node_ratio,-0.05081566960495256,0.01979763061683748,-2.5667551126918626,0.010752143130710894,1745,300,0.5206016010580303,300.0
los_angeles,B-C,1960,intersection_density,-3.817518550400148,2.63135900429036,-1.4507783028373502,0.14788986983144337,1746,300,65.85560150177838,300.0
los_angeles,B-C,1960,median_block_length_ft,-0.7832044923130123,5.110185072803713,-0.15326343002354426,0.8782939204944944,1746,300,293.76070811067933,300.0
los_angeles,B-C,1960,walking_circuity,-0.013305882441095509,0.013239710236440428,-1.0049980100374818,0.3157104266191127,1746,300,1.2078894709381436,300.0
los_angeles,B-C,1960,pedshed_reach,-0.0001340778696466387,8.177911970296682e-05,-1.6395122634436299,0.10215828287251771,1746,300,0.002350516500957797,300.0
los_angeles,B-C,1970,link_node_ratio,-0.019825440039064012,0.012617792511456515,-1.5712288834249892,0.11718707092165773,1746,300,1.0006088042526697,300.0
los_angeles,B-C,1970,connected_node_ratio,-0.05081566960495256,0.01979763061683748,-2.5667551126918626,0.010752143130710894,1745,300,0.5206016010580303,300.0
los_angeles,B-C,1970,intersection_density,-3.817518550400148,2.63135900429036,-1.4507783028373502,0.14788986983144337,1746,300,65.85560150177838,300.0
los_angeles,B-C,1970,median_block_length_ft,-0.7832044923130123,5.110185072803713,-0.15326343002354426,0.8782939204944944,1746,300,293.76070811067933,300.0
los_angeles,B-C,1970,walking_circuity,-0.019987502862015512,0.014103537172179886,-1.4171978715695603,0.1574662277120707,1746,300,1.208486202270579,300.0
los_angeles,B-C,1970,pedshed_reach,-0.0001340778696466387,8.177911970296682e-05,-1.6395122634436299,0.10215828287251771,1746,300,0.002350516500957797,300.0
los_angeles,B-C,1980,link_node_ratio,-0.019825440039064012,0.012617792511456515,-1.5712288834249892,0.11718707092165773,1746,300,1.0006088042526697,300.0
los_angeles,B-C,1980,connected_node_ratio,-0.05081566960495256,0.01979763061683748,-2.5667551126918626,0.010752143130710894,1745,300,0.5206016010580303,300.0
los_angeles,B-C,1980,intersection_density,-3.817518550400148,2.63135900429036,-1.4507783028373502,0.14788986983144337,1746,300,65.85560150177838,300.0
los_angeles,B-C,1980,median_block_length_ft,-0.7832044923130123,5.110185072803713,-0.15326343002354426,0.8782939204944944,1746,300,293.76070811067933,300.0
los_angeles,B-C,1980,walking_circuity,-0.0047510916267569855,0.01238582797825468,-0.38359095856153447,0.7015542497402922,1746,300,1.205754698245811,300.0
los_angeles,B-C,1980,pedshed_reach,-0.0001340778696466387,8.177911970296682e-05,-1.6395122634436299,0.10215828287251771,1746,300,0.002350516500957797,300.0
los_angeles,B-C,1990,link_node_ratio,-0.019825440039064012,0.012617792511456515,-1.5712288834249892,0.11718707092165773,1746,300,1.0006088042526697,300.0
los_angeles,B-C,1990,connected_node_ratio,-0.05081566960495256,0.01979763061683748,-2.5667551126918626,0.010752143130710894,1745,300,0.5206016010580303,300.0
los_angeles,B-C,1990,intersection_density,-3.817518550400148,2.63135900429036,-1.4507783028373502,0.14788986983144337,1746,300,65.85560150177838,300.0
los_angeles,B-C,1990,median_block_length_ft,-0.7832044923130123,5.110185072803713,-0.15326343002354426,0.8782939204944944,1746,300,293.76070811067933,300.0
los_angeles,B-C,1990,walking_circuity,0.0022266215229709463,0.013579325282500393,0.16397144015987172,0.8698644105131699,1746,300,1.2075955019910065,300.0
los_angeles,B-C,1990,pedshed_reach,-0.0001340778696466387,8.177911970296682e-05,-1.6395122634436299,0.10215828287251771,1746,300,0.002350516500957797,300.0
los_angeles,B-C,2000,link_node_ratio,-0.019825440039064012,0.012617792511456515,-1.5712288834249892,0.11718707092165773,1746,300,1.0006088042526697,300.0
los_angeles,B-C,2000,connected_node_ratio,-0.05081566960495256,0.01979763061683748,-2.5667551126918626,0.010752143130710894,1745,300,0.5206016010580303,300.0
los_angeles,B-C,2000,intersection_density,-3.817518550400148,2.63135900429036,-1.4507783028373502,0.14788986983144337,1746,300,65.85560150177838,300.0
los_angeles,B-C,2000,median_block_length_ft,-0.7832044923130123,5.110185072803713,-0.15326343002354426,0.8782939204944944,1746,300,293.76070811067933,300.0
los_angeles,B-C,2000,walking_circuity,-0.00778375788798747,0.014960656426117934,-0.5202818423394032,0.6032521652390563,1746,300,1.2091887771011518,300.0
los_angeles,B-C,2000,pedshed_reach,-0.0001340778696466387,8.177911970296682e-05,-1.6395122634436299,0.10215828287251771,1746,300,0.002350516500957797,300.0
los_angeles,B-C,2010,link_node_ratio,-0.019825440039064012,0.012617792511456515,-1.5712288834249892,0.11718707092165773,1746,300,1.0006088042526697,300.0
los_angeles,B-C,2010,connected_node_ratio,-0.05081566960495256,0.01979763061683748,-2.5667551126918626,0.010752143130710894,1745,300,0.5206016010580303,300.0
los_angeles,B-C,2010,intersection_density,-3.817518550400148,2.63135900429036,-1.4507783028373502,0.14788986983144337,1746,300,65.85560150177838,300.0
los_angeles,B-C,2010,median_block_length_ft,-0.7832044923130123,5.110185072803713,-0.15326343002354426,0.8782939204944944,1746,300,293.76070811067933,300.0
los_angeles,B-C,2010,walking_circuity,0.0014323169095310764,0.012709444298356246,0.11269705235785349,0.9103463624198839,1746,300,1.209733001922519,300.0
los_angeles,B-C,2010,pedshed_reach,-0.0001340778696466387,8.177911970296682e-05,-1.6395122634436299,0.10215828287251771,1746,300,0.002350516500957797,300.0
los_angeles,B-C,2020,link_node_ratio,-0.019825440039064012,0.012617792511456515,-1.5712288834249892,0.11718707092165773,1746,300,1.0006088042526697,300.0
los_angeles,B-C,2020,connected_node_ratio,-0.05081566960495256,0.01979763061683748,-2.5667551126918626,0.010752143130710894,1745,300,0.5206016010580303,300.0
los_angeles,B-C,2020,intersection_density,-3.817518550400148,2.63135900429036,-1.4507783028373502,0.14788986983144337,1746,300,65.85560150177838,300.0
los_angeles,B-C,2020,median_block_length_ft,-0.7832044923130123,5.110185072803713,-0.15326343002354426,0.8782939204944944,1746,300,293.76070811067933,300.0
los_angeles,B-C,2020,walking_circuity,-0.006795211198273883,0.013931472452069292,-0.48775972688117153,0.6260774940169123,1746,300,1.2089617946122975,300.0
los_angeles,B-C,2020,pedshed_reach,-0.0001340778696466387,8.177911970296682e-05,-1.6395122634436299,0.10215828287251771,1746,300,0.002350516500957797,300.0
los_angeles,C-D,1940,link_node_ratio,0.00532064610130699,0.011497264872866815,0.46277494344446635,0.6438623073636585,1755,300,1.0347316793975136,300.0
los_angeles,C-D,1940,connected_node_ratio,-5.7257178092535156e-05,0.01845033406386771,-0.003103313896341042,0.9975259871761837,1752,300,0.5536686900163867,300.0
los_angeles,C-D,1940,intersection_density,-0.7867510072121318,2.954319215748899,-0.26630534812152856,0.790187604061256,1755,300,81.30950821662306,300.0
los_angeles,C-D,1940,median_block_length_ft,10.630057816091364,5.662540470279914,1.877259486600348,0.06145602122072924,1755,300,286.0840376615757,300.0
los_angeles,C-D,1940,walking_circuity,-0.023948554915843343,0.013250857779006591,-1.8073211044333426,0.07171721365015317,1755,300,1.212269004313178,300.0
los_angeles,C-D,1940,pedshed_reach,4.642545140317833e-05,9.151567349917335e-05,0.507295085399745,0.6123217383641899,1755,300,0.002613691148941075,300.0
los_angeles,C-D,1950,link_node_ratio,0.005606780091371282,0.01148896686226252,0.48801429742022423,0.625897381260178,1755,300,1.0346842998744308,300.0
los_angeles,C-D,1950,connected_node_ratio,-3.291321362429469e-06,0.018449686693734733,-0.00017839443113942731,0.999857780800297,1752,300,0.5536597545139602,300.0
los_angeles,C-D,1950,intersection_density,-0.7867510072121318,2.954319215748899,-0.26630534812152856,0.790187604061256,1755,300,81.30950821662306,300.0
los_angeles,C-D,1950,median_block_length_ft,10.61971601691655,5.662722555126472,1.8753728287999036,0.061715865784967947,1755,300,286.085750109344,300.0
los_angeles,C-D,1950,walking_circuity,-0.011722563081116496,0.012825741609683226,-0.9139871547284371,0.361460029456107,1755,300,1.2107080387253855,300.0
los_angeles,C-D,1950,pedshed_reach,4.7670178985501316e-05,9.141711650206895e-05,0.5214579152080612,0.602433836706152,1755,300,0.002613485040609781,300.0
los_angeles,C-D,1960,link_node_ratio,0.005606780091371282,0.01148896686226252,0.48801429742022423,0.625897381260178,1755,300,1.0346842998744308,300.0
los_angeles,C-D,1960,connected_node_ratio,-3.291321362429469e-06,0.018449686693734733,-0.00017839443113942731,0.999857780800297,1752,300,0.5536597545139602,300.0
los_angeles,C-D,1960,intersection_density,-0.7867510072121318,2.954319215748899,-0.26630534812152856,0.790187604061256,1755,300,81.30950821662306,300.0
los_angeles,C-D,1960,median_block_length_ft,10.61971601691655,5.662722555126472,1.8753728287999036,0.061715865784967947,1755,300,286.085750109344,300.0
los_angeles,C-D,1960,walking_circuity,-0.010626662854668146,0.012306720777372672,-0.8634845176796806,0.38856324254264085,1755,300,1.213065288012434,300.0
los_angeles,C-D,1960,pedshed_reach,4.7670178985501316e-05,9.141711650206895e-05,0.5214579152080612,0.602433836706152,1755,300,0.002613485040609781,300.0
los_angeles,C-D,1970,link_node_ratio,0.005606780091371282,0.01148896686226252,0.48801429742022423,0.625897381260178,1755,300,1.0346842998744308,300.0
los_angeles,C-D,1970,connected_node_ratio,-3.291321362429469e-06,0.018449686693734733,-0.00017839443113942731,0.999857780800297,1752,300,0.5536597545139602,300.0
los_angeles,C-D,1970,intersection_density,-0.7867510072121318,2.954319215748899,-0.26630534812152856,0.790187604061256,1755,300,81.30950821662306,300.0
los_angeles,C-D,1970,median_block_length_ft,10.61971601691655,5.662722555126472,1.8753728287999036,0.061715865784967947,1755,300,286.085750109344,300.0
los_angeles,C-D,1970,walking_circuity,-0.00406717365639338,0.012725414869243588,-0.3196102994035539,0.7494869644462163,1755,300,1.2121829824734158,300.0
los_angeles,C-D,1970,pedshed_reach,4.7670178985501316e-05,9.141711650206895e-05,0.5214579152080612,0.602433836706152,1755,300,0.002613485040609781,300.0
los_angeles,C-D,1980,link_node_ratio,0.005606780091371282,0.01148896686226252,0.48801429742022423,0.625897381260178,1755,300,1.0346842998744308,300.0
los_angeles,C-D,1980,connected_node_ratio,-3.291321362429469e-06,0.018449686693734733,-0.00017839443113942731,0.999857780800297,1752,300,0.5536597545139602,300.0
los_angeles,C-D,1980,intersection_density,-0.7867510072121318,2.954319215748899,-0.26630534812152856,0.790187604061256,1755,300,81.30950821662306,300.0
los_angeles,C-D,1980,median_block_length_ft,10.61971601691655,5.662722555126472,1.8753728287999036,0.061715865784967947,1755,300,286.085750109344,300.0
los_angeles,C-D,1980,walking_circuity,0.0014513160224292625,0.013372154500393424,0.10853269922857706,0.9136459404948623,1755,300,1.2122832552308627,300.0
los_angeles,C-D,1980,pedshed_reach,4.7670178985501316e-05,9.141711650206895e-05,0.5214579152080612,0.602433836706152,1755,300,0.002613485040609781,300.0
los_angeles,C-D,1990,link_node_ratio,0.005606780091371282,0.01148896686226252,0.48801429742022423,0.625897381260178,1755,300,1.0346842998744308,300.0
los_angeles,C-D,1990,connected_node_ratio,-3.291321362429469e-06,0.018449686693734733,-0.00017839443113942731,0.999857780800297,1752,300,0.5536597545139602,300.0
los_angeles,C-D,1990,intersection_density,-0.7867510072121318,2.954319215748899,-0.26630534812152856,0.790187604061256,1755,300,81.30950821662306,300.0
los_angeles,C-D,1990,median_block_length_ft,10.61971601691655,5.662722555126472,1.8753728287999036,0.061715865784967947,1755,300,286.085750109344,300.0
los_angeles,C-D,1990,walking_circuity,0.00447201476570156,0.011959114691030774,0.37394195818320314,0.7087125235467677,1755,300,1.2114471737099948,300.0
los_angeles,C-D,1990,pedshed_reach,4.7670178985501316e-05,9.141711650206895e-05,0.5214579152080612,0.602433836706152,1755,300,0.002613485040609781,300.0
los_angeles,C-D,2000,link_node_ratio,0.005606780091371282,0.01148896686226252,0.48801429742022423,0.625897381260178,1755,300,1.0346842998744308,300.0
los_angeles,C-D,2000,connected_node_ratio,-3.291321362429469e-06,0.018449686693734733,-0.00017839443113942731,0.999857780800297,1752,300,0.5536597545139602,300.0
los_angeles,C-D,2000,intersection_density,-0.7867510072121318,2.954319215748899,-0.26630534812152856,0.790187604061256,1755,300,81.30950821662306,300.0
los_angeles,C-D,2000,median_block_length_ft,10.61971601691655,5.662722555126472,1.8753728287999036,0.061715865784967947,1755,300,286.085750109344,300.0
los_angeles,C-D,2000,walking_circuity,-0.014801908788820772,0.011881702050049592,-1.2457734360338544,0.21382286376670687,1755,300,1.211991038478822,300.0
los_angeles,C-D,2000,pedshed_reach,4.7670178985501316e-05,9.141711650206895e-05,0.5214579152080612,0.602433836706152,1755,300,0.002613485040609781,300.0
los_angeles,C-D,2010,link_node_ratio,0.005606780091371282,0.01148896686226252,0.48801429742022423,0.625897381260178,1755,300,1.0346842998744308,300.0
los_angeles,C-D,2010,connected_node_ratio,-3.291321362429469e-06,0.018449686693734733,-0.00017839443113942731,0.999857780800297,1752,300,0.5536597545139602,300.0
los_angeles,C-D,2010,intersection_density,-0.7867510072121318,2.954319215748899,-0.26630534812152856,0.790187604061256,1755,300,81.30950821662306,300.0
los_angeles,C-D,2010,median_block_length_ft,10.61971601691655,5.662722555126472,1.8753728287999036,0.061715865784967947,1755,300,286.085750109344,300.0
los_angeles,C-D,2010,walking_circuity,-0.006919817049868006,0.012604082772524708,-0.5490139326085929,0.5834056401136135,1755,300,1.21133222267951,300.0
los_angeles,C-D,2010,pedshed_reach,4.7670178985501316e-05,9.141711650206895e-05,0.5214579152080612,0.602433836706152,1755,300,0.002613485040609781,300.0
los_angeles,C-D,2020,link_node_ratio,0.005606780091371282,0.01148896686226252,0.48801429742022423,0.625897381260178,1755,300,1.0346842998744308,300.0
los_angeles,C-D,2020,connected_node_ratio,-3.291321362429469e-06,0.018449686693734733,-0.00017839443113942731,0.999857780800297,1752,300,0.5536597545139602,300.0
los_angeles,C-D,2020,intersection_density,-0.7867510072121318,2.954319215748899,-0.26630534812152856,0.790187604061256,1755,300,81.30950821662306,300.0
los_angeles,C-D,2020,median_block_length_ft,10.61971601691655,5.662722555126472,1.8753728287999036,0.061715865784967947,1755,300,286.085750109344,300.0
los_angeles,C-D,2020,walking_circuity,-0.011580335874882882,0.012402698052974554,-0.9336948964991981,0.35121468521393945,1755,300,1.2112795016406268,300.0
los_angeles,C-D,2020,pedshed_reach,4.7670178985501316e-05,9.141711650206895e-05,0.5214579152080612,0.602433836706152,1755,300,0.002613485040609781,300.0
